accession,host,host_corrected,order,class,data_source,notes
NC_034253.1,Homo sapiens,Homo sapiens,Primates,Mammalia,genbank,
MK443498.1,Tupaia chinensis,Tupaia chinensis,Scandentia,Mammalia,genbank,
NC_025259.1,Enhydra lutris,Enhydra lutris,Carnivora,Mammalia,genbank,
MF175082.1,Mus musculus,Mus musculus,Rodentia,Mammalia,genbank,
NC_040843.1,Mus musculus,Mus musculus,Rodentia,Mammalia,genbank,
NC_031751.1,Ailurus fulgens,Ailurus fulgens,Carnivora,Mammalia,genbank,
NC_016752.1,Artibeus jamaicensis,Artibeus jamaicensis,Chiroptera,Mammalia,genbank,
NC_040603.1,red-crowned crane,Grus japonensis,Gruiformes,Aves,genbank,
NC_029133.1,Rattus norvegicus,Rattus norvegicus,Rodentia,Mammalia,genbank,
MF175080.1,Mus musculus,Mus musculus,Rodentia,Mammalia,genbank,
KY640430.1,Camelus dromedarius,Camelus dromedarius,Artiodactyla,Mammalia,genbank,
NC_035185.1,Camelus dromedarius,Camelus dromedarius,Artiodactyla,Mammalia,genbank,
NC_026251.1,sea lion,sea lion,Carnivora,Mammalia,genbank,
MK091524.1,Ixodes ricinus,Ixodes ricinus,Ixodida,Arachnida,genbank,
KX384823.1,swine,Sus scrofa,Artiodactyla,Mammalia,genbank,
NC_031959.2,bovine,Bos taurus,Artiodactyla,Mammalia,genbank,
MG136722.1,Equus caballus,Equus caballus,Perissodactyla,Mammalia,genbank,
MF416383.1,Mus musculus,Mus musculus,Rodentia,Mammalia,genbank,
MF416384.1,Mus musculus,Mus musculus,Rodentia,Mammalia,genbank,
KF373759.1,Phoca vitulina,Phoca vitulina,Carnivora,Mammalia,genbank,
NC_025891.1,Nycticebus coucang,Nycticebus coucang,Primates,Mammalia,genbank,
NC_030837.1,Enhydra lutris,Enhydra lutris,Carnivora,Mammalia,genbank,
KJ495710.1,Homo sapiens,Homo sapiens,Primates,Mammalia,genbank,
KJ641716.1,Pipistrellus sp.,Pipistrellus,Chiroptera,Mammalia,genbank,
NC_040679.1,Paguma larvata,Paguma larvata,Carnivora,Mammalia,genbank,
NC_040833.1,Culex sp.,Culex,Diptera,Insecta,genbank,
MF497827.1,Rhizomys pruinosus,Rhizomys pruinosus,Rodentia,Mammalia,genbank,
NC_040325.1,Crematogaster nigriceps,Crematogaster nigriceps,Hymenoptera,Insecta,genbank,
NC_040639.1,Gallus gallus,Gallus gallus,Galliformes,Aves,genbank,
NC_040324.1,Soft spider (Family Cybaeidae),NA,Araneae,Arachnida,genbank,
KX756624.1,Miniopterus schreibersii,Miniopterus schreibersii,Chiroptera,Mammalia,genbank,
KX756625.1,Miniopterus schreibersii,Miniopterus schreibersii,Chiroptera,Mammalia,genbank,
KX756627.1,Miniopterus schreibersii,Miniopterus schreibersii,Chiroptera,Mammalia,genbank,
KX756626.1,Miniopterus schreibersii,Miniopterus schreibersii,Chiroptera,Mammalia,genbank,
KX756619.1,Miniopterus schreibersii,Miniopterus schreibersii,Chiroptera,Mammalia,genbank,
KX756628.1,Miniopterus schreibersii,Miniopterus schreibersii,Chiroptera,Mammalia,genbank,
KX756621.1,Miniopterus schreibersii,Miniopterus schreibersii,Chiroptera,Mammalia,genbank,
KX756620.1,Miniopterus schreibersii,Miniopterus schreibersii,Chiroptera,Mammalia,genbank,
KX756629.1,Miniopterus schreibersii,Miniopterus schreibersii,Chiroptera,Mammalia,genbank,
KX756622.1,Miniopterus schreibersii,Miniopterus schreibersii,Chiroptera,Mammalia,genbank,
KX756623.1,Miniopterus schreibersii,Miniopterus schreibersii,Chiroptera,Mammalia,genbank,
NC_014236.1,Pteropus scapulatus,Pteropus scapulatus,Chiroptera,Mammalia,genbank,
NC_014237.1,Pteropus scapulatus,Pteropus scapulatus,Chiroptera,Mammalia,genbank,
NC_014238.1,Pteropus scapulatus,Pteropus scapulatus,Chiroptera,Mammalia,genbank,
NC_014239.1,Pteropus scapulatus,Pteropus scapulatus,Chiroptera,Mammalia,genbank,
NC_014240.1,Pteropus scapulatus,Pteropus scapulatus,Chiroptera,Mammalia,genbank,
NC_014241.1,Pteropus scapulatus,Pteropus scapulatus,Chiroptera,Mammalia,genbank,
NC_014242.1,Pteropus scapulatus,Pteropus scapulatus,Chiroptera,Mammalia,genbank,
NC_014243.1,Pteropus scapulatus,Pteropus scapulatus,Chiroptera,Mammalia,genbank,
NC_014244.1,Pteropus scapulatus,Pteropus scapulatus,Chiroptera,Mammalia,genbank,
NC_014245.1,Pteropus scapulatus,Pteropus scapulatus,Chiroptera,Mammalia,genbank,
KF741756.1,NA,NA,NA,Aves,https://talk.ictvonline.org/ictv/proposals/2019.024M.zip,
KF741757.1,NA,NA,NA,Aves,https://talk.ictvonline.org/ictv/proposals/2019.024M.zip,
KF741758.1,NA,NA,NA,Aves,https://talk.ictvonline.org/ictv/proposals/2019.024M.zip,
KF741759.1,NA,NA,NA,Aves,https://talk.ictvonline.org/ictv/proposals/2019.024M.zip,
KF741760.1,NA,NA,NA,Aves,https://talk.ictvonline.org/ictv/proposals/2019.024M.zip,
KF741761.1,NA,NA,NA,Aves,https://talk.ictvonline.org/ictv/proposals/2019.024M.zip,
KF741762.1,NA,NA,NA,Aves,https://talk.ictvonline.org/ictv/proposals/2019.024M.zip,
KF741763.1,NA,NA,NA,Aves,https://talk.ictvonline.org/ictv/proposals/2019.024M.zip,
KF741764.1,NA,NA,NA,Aves,https://talk.ictvonline.org/ictv/proposals/2019.024M.zip,
KF741765.1,NA,NA,NA,Aves,https://talk.ictvonline.org/ictv/proposals/2019.024M.zip,
KT696547.1,Testudo graeca,Testudo graeca,Testudines,Reptilia,genbank,
KT696549.1,Testudo graeca,Testudo graeca,Testudines,Reptilia,genbank,
KT696548.1,Testudo graeca,Testudo graeca,Testudines,Reptilia,genbank,
KT696555.1,Testudo graeca,Testudo graeca,Testudines,Reptilia,genbank,
KT696552.1,Testudo graeca,Testudo graeca,Testudines,Reptilia,genbank,
KT696550.1,Testudo graeca,Testudo graeca,Testudines,Reptilia,genbank,
KT696554.1,Testudo graeca,Testudo graeca,Testudines,Reptilia,genbank,
KT696553.1,Testudo graeca,Testudo graeca,Testudines,Reptilia,genbank,
KT696556.1,Testudo graeca,Testudo graeca,Testudines,Reptilia,genbank,
NC_039345.1,Mops condylurus,Mops condylurus,Chiroptera,Mammalia,genbank,
MF594598.1,wild birds,NA,NA,Aves,genbank,
MH900517.1,Oncorhynchus tshawytscha,Oncorhynchus tshawytscha,Salmoniformes,Actinopteri,genbank,
LS992584.1,Ratufa macroura,Ratufa macroura,Rodentia,Mammalia,https://doi.org/10.3390/v10070373,
MH972568.1,Pteropus sp.,Pteropus,Chiroptera,Mammalia,genbank,
KU672593.1,Pteropus sp.,Pteropus,Chiroptera,Mammalia,genbank,
KX785335.1,Aedes albopictus,Aedes albopictus,Diptera,Insecta,genbank,
MK063878.2,Zea mays,Zea mays,Poales,Magnoliopsida,genbank,
KX636164.1,Physostegia,Physostegia,Lamiales,Magnoliopsida,genbank,
MG604920.1,Triticum aestivum,Triticum aestivum,Poales,Magnoliopsida,genbank,
KM204991.1,Lutzomyia flaviscutellata,Lutzomyia flaviscutellata,Diptera,Insecta,genbank,
KM205018.1,Ochlerotatus sollicitans,Ochlerotatus sollicitans,Diptera,Insecta,genbank,
KM204990.1,Aedes sp.,Aedes,Diptera,Insecta,genbank,
MG948563.1,Nicotiana benthamiana,Nicotiana benthamiana,Solanales,Magnoliopsida,genbank,
MF543022.1,Ribes nigrum,Ribes nigrum,Saxifragales,Magnoliopsida,genbank,
MH614262.1,Lotus corniculatus,Lotus corniculatus,Fabales,Magnoliopsida,genbank,
KY884303.1,Zea mays,Zea mays,Poales,Magnoliopsida,genbank,
MH282832.1,Carica papaya,Carica papaya,Brassicales,Magnoliopsida,genbank,
NC_018381.2,Diospyros kaki,Diospyros kaki,Ericales,Magnoliopsida,genbank,
MK240091.1,Rubus idaeus,Rubus idaeus,Rosales,Magnoliopsida,genbank,
NC_040786.1,Oryza sativa,Oryza sativa,Poales,Magnoliopsida,genbank,
KY366322.2,Ilex paraguariensis,Ilex paraguariensis,Aquifoliales,Magnoliopsida,genbank,
KY421919.1,Culex annulirostris,Culex annulirostris,Diptera,Insecta,genbank,
MF472710.1,Pipistrellus abramus,Pipistrellus abramus,Chiroptera,Mammalia,genbank,
NC_025340.1,Amblyomma americanum,Amblyomma americanum,Ixodida,Arachnida,genbank,
KM205013.1,Dermacentor variabilis,Dermacentor variabilis,Ixodida,Arachnida,genbank,
MH899110.1,Rhinella marina,Rhinella marina,Anura,Amphibia,genbank,
NC_025399.1,Culex edwardsi,Culex edwardsi,Diptera,Insecta,genbank,
NC_025401.1,chicken,Gallus gallus,Galliformes,Aves,genbank,
NC_028232.1,Culicoides austropalpalis,Culicoides austropalpalis,Diptera,Insecta,genbank,
NC_040664.1,Hyalomma anatolicum anatolicum,Hyalomma anatolicum anatolicum,Ixodida,Arachnida,genbank,
NC_040763.1,Oligoryzomys mattogrossae,Oligoryzomys mattogrossae,Rodentia,Mammalia,genbank,
NC_040762.1,Oligoryzomys mattogrossae,Oligoryzomys mattogrossae,Rodentia,Mammalia,genbank,
MG976578.1,Neacomys musseri,Neacomys musseri,Rodentia,Mammalia,genbank,
MG976577.1,Neacomys musseri,Neacomys musseri,Rodentia,Mammalia,genbank,
MK330759.1,Nyssomyia ylephiletor,Nyssomyia ylephiletor,Diptera,Insecta,genbank,
MK330760.1,Nyssomyia ylephiletor,Nyssomyia ylephiletor,Diptera,Insecta,genbank,
MK330761.1,Nyssomyia ylephiletor,Nyssomyia ylephiletor,Diptera,Insecta,genbank,
NC_027140.1,Rhipicephalus decoloratus,Rhipicephalus decoloratus,Ixodida,Arachnida,genbank,
NC_027141.1,Rhipicephalus decoloratus,Rhipicephalus decoloratus,Ixodida,Arachnida,genbank,
NC_027142.1,Rhipicephalus decoloratus,Rhipicephalus decoloratus,Ixodida,Arachnida,genbank,
KF848980.1,Tasmanian tick,Tasmanian tick,Acari,Arachnida,genbank,
KF848981.1,Tasmanian tick,Tasmanian tick,Acari,Arachnida,genbank,
KF848982.1,Tasmanian tick,Tasmanian tick,Acari,Arachnida,genbank,
KM114252.1,Rhipicephalus pulchellus,Rhipicephalus pulchellus,Ixodida,Arachnida,genbank,
KM114253.1,Rhipicephalus pulchellus,Rhipicephalus pulchellus,Ixodida,Arachnida,genbank,
KM114254.1,Rhipicephalus pulchellus,Rhipicephalus pulchellus,Ixodida,Arachnida,genbank,
NC_021242.1,Amblyomma americanum,Amblyomma americanum,Ixodida,Arachnida,genbank,
NC_021243.1,Amblyomma americanum,Amblyomma americanum,Ixodida,Arachnida,genbank,
NC_021244.1,Amblyomma americanum,Amblyomma americanum,Ixodida,Arachnida,genbank,
MG764565.1,Citrus sinensis,Citrus sinensis,Sapindales,Magnoliopsida,genbank,
MG764566.1,Citrus sinensis,Citrus sinensis,Sapindales,Magnoliopsida,genbank,
KM048313.1,Ixodes scapularis,Ixodes scapularis,Ixodida,Arachnida,genbank,
KM048314.1,Ixodes scapularis,Ixodes scapularis,Ixodida,Arachnida,genbank,
NC_029127.1,Phlebotomus sp.,Phlebotomus,Diptera,Insecta,genbank,
NC_029128.1,Phlebotomus sp.,Phlebotomus,Diptera,Insecta,genbank,
NC_029129.1,Phlebotomus sp.,Phlebotomus,Diptera,Insecta,genbank,
NC_015451.1,Lutzomyia sp.,Lutzomyia,Diptera,Insecta,genbank,
NC_015450.1,Lutzomyia sp.,Lutzomyia,Diptera,Insecta,genbank,
NC_015452.1,Lutzomyia sp.,Lutzomyia,Diptera,Insecta,genbank,
KR363190.1,Phlebotomus perniciosus,Phlebotomus perniciosus,Diptera,Insecta,genbank,
KR363191.1,Phlebotomus perniciosus,Phlebotomus perniciosus,Diptera,Insecta,genbank,
KR363192.1,Phlebotomus perniciosus,Phlebotomus perniciosus,Diptera,Insecta,genbank,
HM119401.1,Homo sapiens,Homo sapiens,Primates,Mammalia,genbank,
HM119402.1,Homo sapiens,Homo sapiens,Primates,Mammalia,genbank,
HM119403.1,Homo sapiens,Homo sapiens,Primates,Mammalia,genbank,
MF593931.1,Culex antennatus,Culex antennatus,Diptera,Insecta,genbank,
MF593932.1,Culex antennatus,Culex antennatus,Diptera,Insecta,genbank,
MF593933.1,Culex antennatus,Culex antennatus,Diptera,Insecta,genbank,
KP272001.1,sandfly,sandfly,Diptera,Insecta,genbank,
KP272002.1,sandfly,sandfly,Diptera,Insecta,genbank,
KP272003.1,sandfly,sandfly,Diptera,Insecta,genbank,
MK330756.1,Nyssomyia trapidoi,Nyssomyia trapidoi,Diptera,Insecta,genbank,
MK330757.1,Nyssomyia trapidoi,Nyssomyia trapidoi,Diptera,Insecta,genbank,
MK330758.1,Nyssomyia trapidoi,Nyssomyia trapidoi,Diptera,Insecta,genbank,
KP771821.1,sand fly,sand fly,Diptera,Insecta,genbank,
KP771822.1,sand fly,sand fly,Diptera,Insecta,genbank,
KP771823.1,sand fly,sand fly,Diptera,Insecta,genbank,
HM566155.1,Lutzomyia sp.,Lutzomyia,Diptera,Insecta,genbank,
HM566157.1,Lutzomyia sp.,Lutzomyia,Diptera,Insecta,genbank,
HM566156.1,Lutzomyia sp.,Lutzomyia,Diptera,Insecta,genbank,
HM119410.1,Homo sapiens,Homo sapiens,Primates,Mammalia,genbank,
HM119411.1,Homo sapiens,Homo sapiens,Primates,Mammalia,genbank,
HM119412.1,Homo sapiens,Homo sapiens,Primates,Mammalia,genbank,
KF297903.1,Acomys cahirinus,Acomys cahirinus,Rodentia,Mammalia,genbank,
KF297904.1,Acomys cahirinus,Acomys cahirinus,Rodentia,Mammalia,genbank,
KF297905.1,Acomys cahirinus,Acomys cahirinus,Rodentia,Mammalia,genbank,
HM119416.2,opossum,opossum,Didelphimorphia,Mammalia,genbank,
HM119417.1,opossum,opossum,Didelphimorphia,Mammalia,genbank,
HM119418.2,opossum,opossum,Didelphimorphia,Mammalia,genbank,
MK330771.2,sentinel mouse,sentinel mouse,Rodentia,Mammalia,genbank,
MK330772.1,sentinel mouse,sentinel mouse,Rodentia,Mammalia,genbank,
MK330773.1,sentinel mouse,sentinel mouse,Rodentia,Mammalia,genbank,
HM566162.2,Lutzomyia sp.,Lutzomyia,Diptera,Insecta,genbank,
HM566163.1,Lutzomyia sp.,Lutzomyia,Diptera,Insecta,genbank,
HM566161.1,Lutzomyia sp.,Lutzomyia,Diptera,Insecta,genbank,
HM566152.1,NA,NA,NA,NA,NA,
HM566154.1,NA,NA,NA,NA,NA,
HM566153.1,NA,NA,NA,NA,NA,
EU725771.1,Phlebotomus perniciosus,Phlebotomus perniciosus,Diptera,Insecta,genbank,
EU725772.1,Phlebotomus perniciosus,Phlebotomus perniciosus,Diptera,Insecta,genbank,
EU725773.1,Phlebotomus perniciosus,Phlebotomus perniciosus,Diptera,Insecta,genbank,
KU255114.1,Phlebotomus  sp.,Phlebotomus,Diptera,Insecta,genbank,
KU255115.1,Phlebotomus  sp.,Phlebotomus,Diptera,Insecta,genbank,
KU297253.1,Phlebotomus  sp.,Phlebotomus,Diptera,Insecta,genbank,
HM119425.1,sandfly,sandfly,Diptera,Insecta,genbank,
HM119426.1,sandfly,sandfly,Diptera,Insecta,genbank,
HM119427.1,sandfly,sandfly,Diptera,Insecta,genbank,
MF695812.1,Sergentomyia sp.,Sergentomyia,Diptera,Insecta,genbank,
MF695810.1,Sergentomyia sp.,Sergentomyia,Diptera,Insecta,genbank,
MF695811.1,Sergentomyia sp.,Sergentomyia,Diptera,Insecta,genbank,
HM566174.1,Culex (Eumelanomyia) albiventris,Culex albiventris,Diptera,Insecta,arbocat,
HM566173.1,Culex (Eumelanomyia) albiventris,Culex albiventris,Diptera,Insecta,arbocat,
HM566175.1,Culex (Eumelanomyia) albiventris,Culex albiventris,Diptera,Insecta,arbocat,
HM119434.1,Lutzomyia sp.,Lutzomyia sp.,Diptera,Insecta,https://doi.org/10.1128/JVI.02275-10,
HM119435.1,Lutzomyia sp.,Lutzomyia sp.,Diptera,Insecta,https://doi.org/10.1128/JVI.02275-10,
HM119436.2,Lutzomyia sp.,Lutzomyia sp.,Diptera,Insecta,https://doi.org/10.1128/JVI.02275-10,
JF920136.1,Tatera sp.,Tatera,Rodentia,Mammalia,genbank,
JF920137.1,Tatera sp.,Tatera,Rodentia,Mammalia,genbank,
JF920138.1,Tatera sp.,Tatera,Rodentia,Mammalia,genbank,
HM627184.1,NA,NA,NA,NA,NA,
HM627183.1,NA,NA,NA,NA,NA,
HM627185.1,NA,NA,NA,NA,NA,
NC_015412.1,Homo sapiens,Homo sapiens,Primates,Mammalia,genbank,
NC_015411.1,Homo sapiens,Homo sapiens,Primates,Mammalia,genbank,
NC_015413.1,Homo sapiens,Homo sapiens,Primates,Mammalia,genbank,
NC_029903.1,Phlebotomus sp.,Phlebotomus,Diptera,Insecta,genbank,
NC_037614.1,Phlebotomus sp.,Phlebotomus,Diptera,Insecta,genbank,
NC_037615.1,Phlebotomus sp.,Phlebotomus,Diptera,Insecta,genbank,
HM119431.1,sandfly,sandfly,Diptera,Insecta,genbank,
HM119432.1,sandfly,sandfly,Diptera,Insecta,genbank,
HM119433.1,sandfly,sandfly,Diptera,Insecta,genbank,
HM566189.1,NA,NA,NA,NA,NA,
HM566188.1,NA,NA,NA,NA,NA,
HM566190.1,NA,NA,NA,NA,NA,
MF062125.1,malus,Malus,Rosales,Magnoliopsida,genbank,
MF062126.1,malus,Malus,Rosales,Magnoliopsida,genbank,
MF062127.1,malus,Malus,Rosales,Magnoliopsida,genbank,
MF062139.1,malus,Malus,Rosales,Magnoliopsida,genbank,
MF062142.1,malus,Malus,Rosales,Magnoliopsida,genbank,
MF062143.1,malus,Malus,Rosales,Magnoliopsida,genbank,
MF062140.1,malus,Malus,Rosales,Magnoliopsida,genbank,
MF062141.1,malus,Malus,Rosales,Magnoliopsida,genbank,
NC_040450.1,melon,melon,Cucurbitales,Magnoliopsida,genbank,
NC_040451.1,melon,melon,Cucurbitales,Magnoliopsida,genbank,
NC_040448.1,melon,melon,Cucurbitales,Magnoliopsida,genbank,
NC_040454.1,melon,melon,Cucurbitales,Magnoliopsida,genbank,
NC_040449.1,melon,melon,Cucurbitales,Magnoliopsida,genbank,
NC_040452.1,melon,melon,Cucurbitales,Magnoliopsida,genbank,
NC_040453.1,melon,melon,Cucurbitales,Magnoliopsida,genbank,
NC_040455.1,melon,melon,Cucurbitales,Magnoliopsida,genbank,
KM048311.1,Dermacentor variabilis,Dermacentor variabilis,Ixodida,Arachnida,genbank,
KM048312.1,Dermacentor variabilis,Dermacentor variabilis,Ixodida,Arachnida,genbank,
JF838327.1,Argas reflexus,Argas reflexus,Ixodida,Arachnida,genbank,
JF838328.1,Argas reflexus,Argas reflexus,Ixodida,Arachnida,genbank,
JF838329.1,Argas reflexus,Argas reflexus,Ixodida,Arachnida,genbank,
JF838330.1,Uria sp.,Uria,Charadriiformes,Aves,genbank,
JF838331.1,Uria sp.,Uria,Charadriiformes,Aves,genbank,
JF838332.1,Uria sp.,Uria,Charadriiformes,Aves,genbank,
HM566181.1,Ixodes (Ceratixodes) uriae,Ixodes uriae,Ixodida,Arachnida,arbocat,
HM566179.1,Ixodes (Ceratixodes) uriae,Ixodes uriae,Ixodida,Arachnida,arbocat,
HM566180.1,Ixodes (Ceratixodes) uriae,Ixodes uriae,Ixodida,Arachnida,arbocat,
HM566159.1,NA,NA,NA,NA,NA,
HM566160.1,NA,NA,NA,NA,NA,
HM566158.1,NA,NA,NA,NA,NA,
KM114257.1,Haemaphysalis leporispalustris,Haemaphysalis leporispalustris,Ixodida,Arachnida,genbank,
KM114255.1,Haemaphysalis leporispalustris,Haemaphysalis leporispalustris,Ixodida,Arachnida,genbank,
KM114256.1,Haemaphysalis leporispalustris,Haemaphysalis leporispalustris,Ixodida,Arachnida,genbank,
NC_032498.1,peanut worms,NA,NA,NA,NA,
NC_032502.1,peanut worms,NA,NA,NA,NA,
KR902508.1,Equus caballus,Equus caballus,Perissodactyla,Mammalia,genbank,
KR902507.1,Equus caballus,Equus caballus,Perissodactyla,Mammalia,genbank,
KY369968.1,Eothenomys inez,Eothenomys inez,Rodentia,Mammalia,genbank,
NC_040535.1,Neodon clarkei,Neodon clarkei,Rodentia,Mammalia,genbank,
NC_046955.1,Sorex araneus,Sorex araneus,Eulipotyphla,Mammalia,genbank,
NC_046954.1,Myodes rufocanus,Myodes rufocanus,Rodentia,Mammalia,genbank,
MG693168.1,Eidolon helvum,Eidolon helvum,Chiroptera,Mammalia,genbank,
NC_046965.1,Branta canadensis,Branta canadensis,Anseriformes,Aves,genbank,
KR902510.1,chicken,Gallus gallus,Galliformes,Aves,genbank,
KM454473.1,duck,duck,Anseriformes,Aves,genbank,
NC_035465.1,Morelia viridis,Morelia viridis,Squamata,Lepidosauria,genbank,
NC_046956.1,Myuchelys georgesi,Myuchelys georgesi,Testudines,Reptilia,genbank,
KT880670.1,Gallus gallus domesticus,Gallus gallus domesticus,Galliformes,Aves,genbank,
LC006971.1,Bos taurus,Bos taurus,Artiodactyla,Mammalia,genbank,
LC036579.1,Bos taurus,Bos taurus,Artiodactyla,Mammalia,genbank,
LR216006.1,Ovis aries,Ovis aries,Artiodactyla,Mammalia,https://doi.org/10.3201/eid2505.181573,
NC_009448.2,Homo sapiens,Homo sapiens,Primates,Mammalia,https://doi.org/10.1128/jcm.00174-07,
KY432930.1,rodent,rodent,Rodentia,Mammalia,genbank,
KY432929.1,rodent,rodent,Rodentia,Mammalia,genbank,
KY312540.1,red-crowned crane,Grus japonensis,Gruiformes,Aves,genbank,
KJ641685.1,Rhinolophus ferrumequinum,Rhinolophus ferrumequinum,Chiroptera,Mammalia,genbank,
KJ641697.1,Nyctalus velutinus,Nyctalus velutinus,Chiroptera,Mammalia,genbank,
NC_016156.1,Felis catus,Felis catus,Carnivora,Mammalia,genbank,
MG600068.1,Hemiculter leucisculus,Hemiculter leucisculus,Cypriniformes,Actinopteri,genbank,
MG600069.1,Hemiculter leucisculus,Hemiculter leucisculus,Cypriniformes,Actinopteri,genbank,
MG600095.1,Crossorhombus sp.,Crossorhombus,Pleuronectiformes,Actinopteri,genbank,
MG600075.1,Trachurus sp.,Trachurus,Carangiformes,Actinopteri,genbank,
MG600070.1,Banjos banjos,Banjos banjos,Pempheriformes,Actinopteri,genbank,
KY312541.1,red-crowned crane,Grus japonensis,Gruiformes,Aves,genbank,
KY312544.1,red-crowned crane,Grus japonensis,Gruiformes,Aves,genbank,
KY312545.1,red-crowned crane,Grus japonensis,Gruiformes,Aves,genbank,
MG600089.1,Hemidactylus bowringii,Hemidactylus bowringii,Squamata,Lepidosauria,genbank,
NC_040684.1,Anser albifrons,Anser albifrons,Anseriformes,Aves,genbank,
KY855435.1,Marmota himalayana,Marmota himalayana,Rodentia,Mammalia,genbank,
KY432924.1,rodent,rodent,Rodentia,Mammalia,genbank,
MG600081.1,Myrrophis chinensis,Myrrophis chinensis,Squamata,Lepidosauria,genbank,
MF352412.1,Rattus norvegicus,Rattus norvegicus,Rodentia,Mammalia,genbank,
KY432927.1,rodent,rodent,Rodentia,Mammalia,genbank,
KY432933.1,rodent,rodent,Rodentia,Mammalia,genbank,
NC_035779.1,Falco vespertinus,Falco vespertinus,Falconiformes,Aves,genbank,
MG600084.1,Teratoscincus roborowskii,Teratoscincus roborowskii,Squamata,Lepidosauria,genbank,
MG600108.1,Mauremys megalocephala,Mauremys megalocephala,Testudines,Reptilia,genbank,
MK189163.1,Gasterosteus aculeatus,Gasterosteus aculeatus,Perciformes,Actinopteri,genbank,
NC_040642.1,Rhinella marina,Rhinella marina,Anura,Amphibia,genbank,
KX156153.1,rodent,rodent,Rodentia,Mammalia,genbank,
MG600076.1,Synodus macrops,Synodus macrops,Aulopiformes,Actinopteri,genbank,
MG875515.1,swine,Sus scrofa,Artiodactyla,Mammalia,genbank,
NC_040673.1,Pelodiscus sinensis,Pelodiscus sinensis,Testudines,Reptilia,genbank,
MG600091.1,Tropidophorus sinicus,Tropidophorus sinicus,Squamata,Lepidosauria,genbank,
MK103419.1,Lates calcarifer,Lates calcarifer,Perciformes,Actinopteri,genbank,
MK103420.1,Lates calcarifer,Lates calcarifer,Perciformes,Actinopteri,genbank,
GQ342962.1,Drosophila melanogaster,Drosophila melanogaster,Diptera,Insecta,genbank,
GQ342963.1,Drosophila melanogaster,Drosophila melanogaster,Diptera,Insecta,genbank,
JX403941.1,Anopheles sinensis,Anopheles sinensis,Diptera,Insecta,genbank,
JX403942.1,Anopheles sinensis,Anopheles sinensis,Diptera,Insecta,genbank,
FM995220.1,Brachionus plicatilis,Brachionus plicatilis,Ploima,Eurotatoria,genbank,
FM995221.1,Brachionus plicatilis,Brachionus plicatilis,Ploima,Eurotatoria,genbank,
NC_038869.1,Tellina tenuis,Tellina tenuis,Cardiida,Bivalvia,genbank,
NC_038870.1,Tellina tenuis,Tellina tenuis,Cardiida,Bivalvia,genbank,
MH484438.1,Crocidura attenuata,Crocidura attenuata,Eulipotyphla,Mammalia,genbank,
NC_040719.1,Felis catus,Felis catus,Carnivora,Mammalia,genbank,
MK620908.1,Philantomba maxwellii,Philantomba maxwellii,Artiodactyla,Mammalia,genbank,
NC_036582.1,Phoenicoparrus minor,Phoeniconaias minor,Phoenicopteriformes,Aves,genbank,
NC_024446.1,Spheniscus demersus,Spheniscus demersus,Sphenisciformes,Aves,genbank,
NC_035468.1,Microtus oeconomus,Microtus oeconomus,Rodentia,Mammalia,genbank,
MF467281.1,Macropus giganteus,Macropus giganteus,Diprotodontia,Mammalia,genbank,
MF467280.1,Macropus fuliginosus,Macropus fuliginosus,Diprotodontia,Mammalia,genbank,
NC_037656.1,Enhydra lutris kenyoni,Enhydra lutris kenyoni,Carnivora,Mammalia,genbank,
MH816996.1,Macaca tonkeana,Macaca tonkeana,Primates,Mammalia,genbank,
MH607141.1,Homo sapiens,Homo sapiens,Primates,Mammalia,genbank,
NC_016924.1,sentinel mice,sentinel mice,Rodentia,Mammalia,genbank,
NC_035188.1,Halichoerus grypus,Halichoerus grypus,Carnivora,Mammalia,https://doi.org/10.1038/s41598-017-03997-y,
NC_027707.1,Salmo salar,Salmo salar,Salmoniformes,Actinopteri,genbank,
NC_035460.1,Eptesicus fuscus,Eptesicus fuscus,Chiroptera,Mammalia,genbank,
AP018374.1,Eidolon helvum,Eidolon helvum,Chiroptera,Mammalia,genbank,
MG551742.1,Rousettus aegyptiacus,Rousettus aegyptiacus,Chiroptera,Mammalia,genbank,
LC385827.1,Vespertilio sinensis,Vespertilio sinensis,Chiroptera,Mammalia,genbank,
MK518392.1,Ovis aries,Ovis aries,Artiodactyla,Mammalia,genbank,
NC_040811.1,Ursus maritimus,Ursus maritimus,Carnivora,Mammalia,genbank,
JN596962.1,Gallus gallus,Gallus gallus,Galliformes,Aves,genbank,
NC_005264.1,Amazona oratrix,Amazona oratrix,Psittaciformes,Aves,genbank,
JF999965.1,Duck,Duck,Anseriformes,Aves,https://doi.org/10.1016/j.virusres.2011.07.004,
NC_034266.1,feral pigeons,feral pigeons,Columbiformes,Aves,genbank,
NC_002229.3,Gallus gallus,Gallus gallus,Galliformes,Aves,genbank,
HQ840738.1,Gallus gallus,Gallus gallus,Galliformes,Aves,genbank,
NC_002641.1,Meleagris gallopavo,Meleagris gallopavo,Galliformes,Aves,genbank,
NC_033464.1,African penguin,African penguin,Sphenisciformes,Aves,genbank/biosample,
NC_027916.2,Testudo horsfieldii,Testudo horsfieldii,Testudines,Reptilia,genbank,
NC_029311.1,rabbit,rabbit,Lagomorpha,Mammalia,genbank,
NC_023677.1,Pan troglodytes,Pan troglodytes,Primates,Mammalia,genbank,
NC_024306.1,Pteropus sp.,Pteropus,Chiroptera,Mammalia,genbank,
MF678601.1,Delphinapterus leucas,Delphinapterus leucas,Artiodactyla,Mammalia,genbank,
NC_016447.1,Aotus trivirgatus,Aotus trivirgatus,Primates,Mammalia,genbank,
JN227533.1,Macaca fascicularis,Macaca fascicularis,Primates,Mammalia,genbank,
KR297253.1,Mandrillus leucophaeus,Mandrillus leucophaeus,Primates,Mammalia,genbank,
NC_027016.1,Papio ursinus,Papio ursinus,Primates,Mammalia,genbank,
NC_016448.1,Saimiri sciureus,Saimiri sciureus,Primates,Mammalia,genbank,
NC_019559.2,rat,rat,Rodentia,Mammalia,genbank,
NC_020474.2,Elephas maximus,Elephas maximus,Proboscidea,Mammalia,genbank,
NC_028379.1,Elephas maximus,Elephas maximus,Proboscidea,Mammalia,genbank,
NC_024696.1,Elephas maximus,Elephas maximus,Proboscidea,Mammalia,genbank,
NC_001664.4,Homo sapiens,Homo sapiens,Primates,Mammalia,genbank,
NC_000898.1,Homo sapiens,Homo sapiens,Primates,Mammalia,genbank,
NC_030200.1,pig-tailed macaque,pig-tailed macaque,Primates,Mammalia,genbank,
NC_033620.1,Mus musculus,Mus musculus,Rodentia,Mammalia,genbank,
KP676001.1,Macaca fascicularis,Macaca fascicularis,Primates,Mammalia,genbank,
NC_024303.1,Bos taurus,Bos taurus,Artiodactyla,Mammalia,genbank,
NC_028099.1,Felis catus,Felis catus,Carnivora,Mammalia,genbank,
AY528864.1,Macaca fuscata,Macaca fuscata,Primates,Mammalia,genbank,
GQ169129.1,Apodemus sylvaticus,Apodemus sylvaticus,Rodentia,Mammalia,genbank,
NC_038554.1,Acerodon celebensis,Acerodon celebensis,Chiroptera,Mammalia,genbank,
NC_038555.1,Artibeus planirostris,Artibeus planirostris,Chiroptera,Mammalia,genbank,
NC_038556.1,Artibeus planirostris,Artibeus planirostris,Chiroptera,Mammalia,genbank,
NC_019853.1,Ateles paniscus,Ateles paniscus,Primates,Mammalia,genbank,
NC_020067.1,Cardioderma cor,Cardioderma cor,Chiroptera,Mammalia,genbank,
NC_028120.1,Carollia perspicillata,Carollia perspicillata,Chiroptera,Mammalia,genbank,
NC_019844.1,Chlorocebus pygerythrus,Chlorocebus pygerythrus,Primates,Mammalia,genbank,
NC_025898.1,Chlorocebus pygerythrus,Chlorocebus pygerythrus,Primates,Mammalia,genbank,
NC_026768.1,Dobsonia moluccensis,Dobsonia moluccensis,Chiroptera,Mammalia,genbank,
NC_020068.1,Eidolon helvum,Eidolon helvum,Chiroptera,Mammalia,genbank,
NC_025380.1,Gorilla gorilla gorilla,Gorilla gorilla gorilla,Primates,Mammalia,genbank,
NC_010277.2,Homo sapiens,Homo sapiens,Primates,Mammalia,genbank,
NC_014361.1,Homo sapiens,Homo sapiens,Primates,Mammalia,genbank,
NC_015150.1,Homo sapiens,Homo sapiens,Primates,Mammalia,genbank,
NC_024118.1,Homo sapiens,Homo sapiens,Primates,Mammalia,genbank,
NC_019851.1,Macaca fascicularis,Macaca fascicularis,Primates,Mammalia,genbank,
NC_034220.1,Miniopterus schreibersii,Miniopterus schreibersii,Chiroptera,Mammalia,genbank,
NC_034221.1,Miniopterus schreibersii,Miniopterus schreibersii,Chiroptera,Mammalia,genbank,
NC_028123.1,Molossus molossus,Molossus molossus,Chiroptera,Mammalia,genbank,
NC_020071.1,Otomops martiensseni,Otomops martiensseni,Chiroptera,Mammalia,genbank,
NC_020066.1,Otomops martiensseni,Otomops martiensseni,Chiroptera,Mammalia,genbank,
NC_014743.1,Pan troglodytes verus,Pan troglodytes verus,Primates,Mammalia,genbank,
NC_025368.1,Pan troglodytes verus,Pan troglodytes verus,Primates,Mammalia,genbank,
NC_025370.1,Pan troglodytes verus,Pan troglodytes verus,Primates,Mammalia,genbank,
NC_019855.1,Pan troglodytes verus,Pan troglodytes verus,Primates,Mammalia,genbank,
NC_019856.1,Pan troglodytes verus,Pan troglodytes verus,Primates,Mammalia,genbank,
NC_019857.1,Pan troglodytes verus,Pan troglodytes verus,Primates,Mammalia,genbank,
NC_019858.1,Pan troglodytes schweinfurthii,Pan troglodytes schweinfurthii,Primates,Mammalia,genbank,
NC_025894.1,Papio cynocephalus,Papio cynocephalus,Primates,Mammalia,genbank,
NC_039051.1,Piliocolobus badius,Piliocolobus badius,Primates,Mammalia,genbank,
NC_019850.1,Piliocolobus rufomitratus,Piliocolobus rufomitratus,Primates,Mammalia,genbank,
NC_028127.1,Sumatran orangutan,Sumatran orangutan,Primates,Mammalia,genbank,
NC_013439.1,Bornean orangutan,Bornean orangutan,Primates,Mammalia,genbank,
NC_023845.1,raccoon,raccoon,Carnivora,Mammalia,genbank,
NC_026767.1,Pteropus vampyrus,Pteropus vampyrus,Chiroptera,Mammalia,genbank,
NC_027531.1,Rattus norvegicus,Rattus norvegicus,Rodentia,Mammalia,genbank,
MF374997.1,Sorex araneus,Sorex araneus,Eulipotyphla,Mammalia,genbank,
MF374999.1,Sorex coronatus,Sorex coronatus,Eulipotyphla,Mammalia,genbank,
MF401583.1,Sorex minutus,Sorex minutus,Eulipotyphla,Mammalia,genbank,
NC_038557.1,Sturnira lilium,Sturnira lilium,Chiroptera,Mammalia,genbank,
NC_026762.1,Acerodon celebensis,Acerodon celebensis,Chiroptera,Mammalia,genbank,
NC_038558.1,Artibeus planirostris,Artibeus planirostris,Chiroptera,Mammalia,genbank,
NC_034456.1,Canis familiaris,Canis familiaris,Carnivora,Mammalia,genbank,
NC_019854.2,Cebus albifrons,Cebus albifrons,Primates,Mammalia,genbank,
NC_025892.1,Cercopithecus erythrotis,Cercopithecus erythrotis,Primates,Mammalia,genbank,
NC_025896.1,Chlorocebus pygerythrus,Chlorocebus pygerythrus,Primates,Mammalia,genbank,
NC_028122.1,Desmodus rotundus,Desmodus rotundus,Chiroptera,Mammalia,genbank,
NC_026770.1,Dobsonia moluccensis,Dobsonia moluccensis,Chiroptera,Mammalia,genbank,
NC_026769.1,Dobsonia moluccensis,Dobsonia moluccensis,Chiroptera,Mammalia,genbank,
NC_017982.1,Equus caballus,Equus caballus,Perissodactyla,Mammalia,genbank,
NC_009238.1,Homo sapiens,Homo sapiens,Primates,Mammalia,https://doi.org/10.1128/jvi.00028-07,
NC_009539.1,Homo sapiens,Homo sapiens,Primates,Mammalia,https://doi.org/10.1371/journal.ppat.0030064,
NC_032120.1,Leptonychotes weddellii,Leptonychotes weddellii,Carnivora,Mammalia,genbank,
NC_022519.1,Loxodonta africana,Loxodonta africana,Proboscidea,Mammalia,genbank,
NC_025895.1,Mastomys natalensis,Mastomys natalensis,Rodentia,Mammalia,genbank,
NC_026473.1,Meles meles,Meles meles,Carnivora,Mammalia,genbank,
NC_028119.1,Microtus arvalis,Microtus arvalis,Rodentia,Mammalia,genbank,
NC_020069.1,Miniopterus africanus,Miniopterus africanus,Chiroptera,Mammalia,genbank,
NC_028117.1,Myodes glareolus,Myodes glareolus,Rodentia,Mammalia,genbank,
NC_011310.1,Myotis lucifugus,Myotis lucifugus,Chiroptera,Mammalia,genbank,
NC_028635.1,Western common chimpanzee,Western common chimpanzee,Primates,Mammalia,genbank,
NC_025897.1,Papio cynocephalus,Papio cynocephalus,Primates,Mammalia,genbank,
NC_020070.1,Pteronotus davyi,Pteronotus davyi,Chiroptera,Mammalia,genbank,
NC_028121.1,Pteronotus parnellii,Pteronotus parnellii,Chiroptera,Mammalia,genbank,
KX574453.1,rat,rat,Rodentia,Mammalia,genbank,
NC_034219.1,Rousettus aegyptiacus,Rousettus aegyptiacus,Chiroptera,Mammalia,genbank,
NC_009951.1,Saimiri boliviensis,Saimiri boliviensis,Primates,Mammalia,genbank,
NC_038559.1,Saimiri sciureus,Saimiri sciureus,Primates,Mammalia,genbank,
NC_034251.1,Vicugna pacos,Vicugna pacos,Artiodactyla,Mammalia,genbank,
NC_013796.1,Zalophus californianus,Zalophus californianus,Carnivora,Mammalia,genbank,
NC_014406.1,Homo sapiens,Homo sapiens,Primates,Mammalia,genbank,
NC_014407.1,Homo sapiens,Homo sapiens,Primates,Mammalia,genbank,
NC_018102.1,Homo sapiens,Homo sapiens,Primates,Mammalia,genbank,
NC_020106.1,Homo sapiens,Homo sapiens,Primates,Mammalia,genbank,
NC_004800.1,Goose,Goose,Anseriformes,Aves,https://doi.org/10.1016/s0042-6822(02)00103-4,
NC_004764.2,Melopsittacus undulatus,Melopsittacus undulatus,Psittaciformes,Aves,https://doi.org/10.1016/0042-6822(88)90660-5,
NC_007922.1,Eurasian jackdaw,Eurasian jackdaw,Passeriformes,Aves,genbank,
NC_023008.1,Cracticus torquatus,Cracticus torquatus,Passeriformes,Aves,genbank,
NC_039052.1,Erythrura gouldiae,Erythrura gouldiae,Passeriformes,Aves,genbank,
NC_039053.1,Lonchura maja,Lonchura maja,Passeriformes,Aves,genbank,
NC_026141.2,Pygoscelis adeliae,Pygoscelis adeliae,Sphenisciformes,Aves,genbank,
NC_007923.1,Eurasian bullfinch,Eurasian bullfinch,Passeriformes,Aves,genbank,
NC_017085.1,Serinus canaria,Serinus canaria,Passeriformes,Aves,genbank,
NC_035181.1,Ailuropoda melanoleuca,Ailuropoda melanoleuca,Carnivora,Mammalia,genbank,
NC_025790.1,Centropristis striata,Centropristis striata,Perciformes,Actinopteri,genbank,
NC_025899.1,Delphinus delphis,Delphinus delphis,Artiodactyla,Mammalia,genbank,
NC_034378.1,Procyon lotor,Procyon lotor,Carnivora,Mammalia,genbank,
NC_026244.1,Rhynchobatus djiddensis,Rhynchobatus djiddensis,Rhinopristiformes,Chondrichthyes,genbank,
NC_030838.1,Sparus aurata,Sparus aurata,Spariformes,Actinopteri,genbank,
NC_040638.1,Trematomus bernacchii,Trematomus bernacchii,Perciformes,Actinopteri,genbank,
NC_026944.1,Trematomus pennellii,Trematomus pennellii,Perciformes,Actinopteri,genbank,
NC_015691.1,Macaca fascicularis,Macaca fascicularis,Primates,Mammalia,genbank,
NC_008297.1,Canis familiaris,Canis familiaris,Carnivora,Mammalia,genbank,
NC_010226.1,Canis familiaris,Canis familiaris,Carnivora,Mammalia,genbank,
NC_016014.1,canis lupus familiaris,canis lupus familiaris,Carnivora,Mammalia,genbank,
NC_011051.1,Capreolus capreolus,Capreolus capreolus,Artiodactyla,Mammalia,genbank,
NC_015267.1,Camelus dromedarius,Camelus dromedarius,Artiodactyla,Mammalia,genbank,
NC_039036.1,Giraffa camelopardalis,Giraffa camelopardalis,Artiodactyla,Mammalia,genbank,
NC_023882.1,Equus asinus,Equus asinus,Perissodactyla,Mammalia,genbank,
NC_011280.1,Sus scrofa,Sus scrofa,Artiodactyla,Mammalia,genbank,
NC_013117.1,Francolinus leucoscepus,Francolinus leucoscepus,Galliformes,Aves,https://doi.org/10.1128/jvi.01777-08,
NC_011765.1,Erinaceus europaeus,Erinaceus europaeus,Eulipotyphla,Mammalia,genbank,
NC_017862.1,Equus caballus,Equus caballus,Perissodactyla,Mammalia,genbank,
NC_020085.1,horse,horse,Perissodactyla,Mammalia,genbank,
NC_038516.1,sheep,sheep,Artiodactyla,Mammalia,genbank,
NC_023895.1,Rupicapra rupicapra,Rupicapra rupicapra,Artiodactyla,Mammalia,genbank,
NC_030796.1,Bos taurus,Bos taurus,Artiodactyla,Mammalia,genbank,
NC_030798.1,Bos taurus,Bos taurus,Artiodactyla,Mammalia,genbank,
NC_039037.1,Pudu puda,Pudu puda,Artiodactyla,Mammalia,genbank,
NC_014143.1,Bettongia penicillata,Bettongia penicillata,Diprotodontia,Mammalia,genbank,
NC_016013.1,Morelia spilota spilota,Morelia spilota spilota,Squamata,Lepidosauria,genbank,
NC_015325.1,Zalophus californianus,Zalophus californianus,Carnivora,Mammalia,genbank,
NC_038517.1,Eptesicus serotinus,Eptesicus serotinus,Chiroptera,Mammalia,genbank,
NC_023496.1,Saimiri sciureus,Saimiri sciureus,Primates,Mammalia,genbank,
NC_039038.1,Talpa europaea,Talpa europaea,Eulipotyphla,Mammalia,genbank,
NC_018076.1,Phocoena phocoena,Phocoena phocoena,Artiodactyla,Mammalia,genbank,
NC_038518.1,Eptesicus serotinus,Eptesicus serotinus,Chiroptera,Mammalia,genbank,
NC_020500.1,Equus ferus caballus,Equus ferus caballus,Perissodactyla,Mammalia,genbank,
NC_023178.1,Castor canadensis,Castor canadensis,Rodentia,Mammalia,genbank,
NC_038519.1,Miniopterus schreibersii,Miniopterus schreibersii,Chiroptera,Mammalia,genbank,
NC_038520.1,Felis catus domestius,Felis catus domestius,Carnivora,Mammalia,genbank,
NC_038521.1,Eidolon helvum,Eidolon helvum,Chiroptera,Mammalia,genbank,
NC_007612.1,Bos taurus,Bos taurus,Artiodactyla,Mammalia,https://doi.org/10.1099/vir.0.80086-0,
NC_030799.1,Bos taurus,Bos taurus,Artiodactyla,Mammalia,genbank,
NC_011530.1,Caretta caretta,Caretta caretta,Testudines,Reptilia,genbank,
NC_030151.1,Cervus elaphus X Cervus canadensis,Cervus elaphus X Cervus canadensis,Artiodactyla,Mammalia,genbank,
NC_004068.1,Fringilla coelebs,Fringilla coelebs,Passeriformes,Aves,https://doi.org/10.1128/jvi.76.19.10020-10023.2002,
NC_008189.1,Homo sapiens,Homo sapiens,Primates,Mammalia,genbank,
NC_012485.1,Homo sapiens,Homo sapiens,Primates,Mammalia,https://doi.org/10.1016/j.virol.2009.11.027,
NC_012486.1,Homo sapiens,Homo sapiens,Primates,Mammalia,https://doi.org/10.1016/j.virol.2009.11.027,
NC_013035.1,Homo sapiens,Homo sapiens,Primates,Mammalia,genbank,
NC_014185.1,Homo sapiens,Homo sapiens,Primates,Mammalia,genbank,
NC_016157.1,Homo sapiens,Homo sapiens,Primates,Mammalia,genbank,
NC_014469.1,Homo sapiens,Homo sapiens,Primates,Mammalia,genbank,
NC_014952.1,Homo sapiens,Homo sapiens,Primates,Mammalia,genbank,
NC_014954.1,Homo sapiens,Homo sapiens,Primates,Mammalia,genbank,
NC_017993.1,Homo sapiens,Homo sapiens,Primates,Mammalia,genbank,
NC_017995.1,Homo sapiens,Homo sapiens,Primates,Mammalia,genbank,
NC_017997.1,Homo sapiens,Homo sapiens,Primates,Mammalia,genbank,
NC_033781.1,Homo sapiens,Homo sapiens,Primates,Mammalia,genbank,
NC_038522.1,Homo sapiens,Homo sapiens,Primates,Mammalia,genbank,
NC_028125.1,Homo sapiens,Homo sapiens,Primates,Mammalia,genbank,
NC_022892.1,Homo sapiens,Homo sapiens,Primates,Mammalia,genbank,
NC_038523.1,Homo sapiens,Homo sapiens,Primates,Mammalia,genbank,
NC_038524.1,Homo sapiens,Homo sapiens,Primates,Mammalia,genbank,
NC_023891.1,Homo sapiens,Homo sapiens,Primates,Mammalia,genbank,
NC_038914.1,Homo sapiens,Homo sapiens,Primates,Mammalia,genbank,
NC_039086.1,Homo sapiens,Homo sapiens,Primates,Mammalia,genbank,
NC_027528.1,Homo sapiens,Homo sapiens,Primates,Mammalia,genbank,
NC_039039.1,Peromyscus maniculatus,Peromyscus maniculatus,Rodentia,Mammalia,genbank,
NC_013237.1,Canis lupus familiaris,Canis lupus familiaris,Carnivora,Mammalia,genbank,
NC_007150.1,Procyon lotor,Procyon lotor,Carnivora,Mammalia,genbank,
NC_018575.1,Crocuta crocuta,Crocuta crocuta,Carnivora,Mammalia,https://doi.org/10.1128/genomea.00062-12,
NC_038525.1,Homo sapiens,Homo sapiens,Primates,Mammalia,genbank,
NC_010739.1,Ursus maritimus,Ursus maritimus,Carnivora,Mammalia,https://doi.org/10.1016/j.vetmic.2007.11.037,
NC_008032.1,Capra hircus,Capra hircus,Artiodactyla,Mammalia,genbank,
NC_008519.1,Mastomys coucha,Mastomys coucha,Rodentia,Mammalia,genbank,
NC_008298.1,Rousettus aegyptiacus,Rousettus aegyptiacus,Chiroptera,Mammalia,genbank,
NC_033740.1,Eidolon helvum,Eidolon helvum,Chiroptera,Mammalia,genbank,
NC_033745.1,Eidolon helvum,Eidolon helvum,Chiroptera,Mammalia,genbank,
NC_006563.1,Florida manatee,Florida manatee,Sirenia,Mammalia,genbank,
NC_038526.1,Trichechus manatus latirostris,Trichechus manatus latirostris,Sirenia,Mammalia,genbank,
NC_006951.1,North American porcupine,North American porcupine,Rodentia,Mammalia,genbank,
NC_006564.1,Canis familiaris,Canis familiaris,Carnivora,Mammalia,https://doi.org/10.1016/j.virol.2006.08.029,
NC_023852.1,dog,dog,Carnivora,Mammalia,genbank,
NC_021472.1,Felis catus,Felis catus,Carnivora,Mammalia,genbank,
NC_022253.1,Mustela putorius furo,Mustela putorius furo,Carnivora,Mammalia,genbank,
NC_003973.1,Psittacus erithacus,Psittacus erithacus,Psittaciformes,Aves,genbank,
NC_038527.1,Rhinolophus ferrumequinum,Rhinolophus ferrumequinum,Chiroptera,Mammalia,genbank,
NC_023894.1,Pygoscelis adeliae,Pygoscelis adeliae,Sphenisciformes,Aves,genbank,
NC_038531.1,Vulpes vulpes,Vulpes vulpes,Carnivora,Mammalia,genbank,
NC_039040.1,Myotis ricketti,Myotis ricketti,Chiroptera,Mammalia,genbank,
NC_031756.1,horse,horse,Perissodactyla,Mammalia,genbank,
NC_039041.1,Rusa timorensis,Rusa timorensis,Artiodactyla,Mammalia,genbank,
NC_024300.1,Fulmarus glacialis,Fulmarus glacialis,Procellariiformes,Aves,genbank,
NC_011109.1,Tursiops truncatus,Tursiops truncatus,Artiodactyla,Mammalia,genbank,
NC_008184.1,Tursiops truncatus,Tursiops truncatus,Artiodactyla,Mammalia,genbank,
NC_018075.1,Phocoena phocoena,Phocoena phocoena,Artiodactyla,Mammalia,genbank,
NC_028126.1,Bos taurus,Bos taurus,Artiodactyla,Mammalia,genbank,
NC_021930.1,Rangifer tarandus,Rangifer tarandus,Artiodactyla,Mammalia,genbank,
NC_030797.1,Bos taurus,Bos taurus,Artiodactyla,Mammalia,genbank,
NC_039042.1,Cervus elaphus,Cervus elaphus,Artiodactyla,Mammalia,genbank,
NC_030839.1,Sparus aurata,Sparus aurata,Spariformes,Actinopteri,genbank,
NC_005041.2,Blattella germanica,Blattella germanica,Blattodea,Insecta,genbank,
NC_034532.1,Dysaphis plantaginea,Dysaphis plantaginea,Hemiptera,Insecta,genbank,
NC_005040.1,Myzus persicae,Myzus persicae,Hemiptera,Insecta,genbank,
NC_003346.1,Bombyx mori,Bombyx mori,Lepidoptera,Insecta,genbank,
NC_004288.1,Casphalia extranea,Casphalia extranea,Lepidoptera,Insecta,https://doi.org/10.1006/viro.2001.1257,
NC_006555.1,Dendrolimus punctatus,Dendrolimus punctatus,Lepidoptera,Insecta,genbank,
NC_018450.1,Papilio polyxenes,Papilio polyxenes,Lepidoptera,Insecta,https://dx.doi.org/10.1128%2FJVI.01368-12,
NC_015718.1,Helicoverpa armigera,Helicoverpa armigera,Lepidoptera,Insecta,genbank,
NC_022564.1,cricket,cricket,Orthoptera,Insecta,genbank,
NC_000936.1,Periplaneta fuliginosa,Periplaneta fuliginosa,Blattodea,Insecta,genbank,
NC_012685.1,Culex pipiens pipiens,Culex pipiens pipiens,Diptera,Insecta,genbank,
NC_004286.1,Galleria mellonella,Galleria mellonella,Lepidoptera,Insecta,genbank,
NC_004289.1,Planococcus citri,Planococcus citri,Hemiptera,Insecta,genbank,
NC_022748.1,Solenopsis invicta,Solenopsis invicta,Hymenoptera,Insecta,genbank,
HQ827781.1,house cricket,house cricket,Orthoptera,Insecta,genbank,
NC_011317.1,Anopheles gambiae,Anopheles gambiae,Diptera,Insecta,genbank,
NC_004285.1,Aedes albopictus,Aedes albopictus,Diptera,Insecta,genbank,
NC_014357.1,Fenneropenaeus chinensis,Fenneropenaeus chinensis,Decapoda,Malacostraca,genbank,
NC_039043.1,Litopenaeus stylirostris,Litopenaeus stylirostris,Decapoda,Malacostraca,genbank,
NC_025825.1,Nyctereutes procyonoides,Nyctereutes procyonoides,Carnivora,Mammalia,genbank,
NC_038534.1,Gallus gallus,Gallus gallus,Galliformes,Aves,https://doi.org/10.1016/j.virol.2009.12.027,
NC_020499.1,canine,canine,Carnivora,Mammalia,genbank,
NC_017823.1,Felis catus,Felis catus,Carnivora,Mammalia,genbank,
JQ923422.1,Homo sapiens,Homo sapiens,Primates,Mammalia,genbank,
NC_006147.2,Cairina moschata,Cairina moschata,Anseriformes,Aves,genbank,
NC_004828.1,NA,NA,Galliformes,Aves,https://doi.org/10.1128/iai.7.6.973-980.1973,
NC_006148.1,Python regius,Python regius,Squamata,Reptilia,genbank,
NC_027429.1,Pogona vitticeps,Pogona vitticeps,Squamata,Lepidosauria,genbank,
NC_015399.1,Barbus barbus,Barbus barbus,Cypriniformes,Actinopteri,genbank,
NC_038385.1,Rhinolophus ferrumequinum,Rhinolophus ferrumequinum,Chiroptera,Mammalia,genbank,
NC_021206.1,Rhinolophus ferrumequinum,Rhinolophus ferrumequinum,Chiroptera,Mammalia,genbank,
NC_038386.1,Rhinolophus ferrumequinum,Rhinolophus ferrumequinum,Chiroptera,Mammalia,genbank,
NC_028045.1,Tadarida brasiliensis,Tadarida brasiliensis,Chiroptera,Mammalia,genbank,
NC_038387.1,Plecotus auritus,Plecotus auritus,Chiroptera,Mammalia,genbank,
NC_038388.1,Rhinolophus affinis,Rhinolophus affinis,Chiroptera,Mammalia,genbank,
NC_038389.1,Rhinolophus sinicus,Rhinolophus sinicus,Chiroptera,Mammalia,genbank,
NC_038390.1,Myotis ricketti,Myotis ricketti,Chiroptera,Mammalia,genbank,
NC_039033.1,Rhinolophus ferrumequinum,Rhinolophus ferrumequinum,Chiroptera,Mammalia,genbank,
NC_035799.1,Vespertilio sinensis,Vespertilio sinensis,Chiroptera,Mammalia,genbank,
KX756996.1,Hipposideros armiger,Hipposideros armiger,Chiroptera,Mammalia,genbank,
NC_001944.1,Psittaciformes,Psittaciformes,Psittaciformes,Aves,https://doi.org/10.1007/s007050050412,
NC_003410.1,serinus canaria,serinus canaria,Passeriformes,Aves,genbank,
NC_020904.1,Canis lupus familiaris,Canis lupus familiaris,Carnivora,Mammalia,genbank,
NC_038391.1,chimpanzee,chimpanzee,Primates,Mammalia,genbank,
NC_005053.1,Mulard duck,Mulard duck,Anseriformes,Aves,https://doi.org/10.1007/s00705-003-0181-y,
NC_025246.1,Silurus glanis,Silurus glanis,Siluriformes,Actinopteri,genbank,
NC_008522.1,finch,finch,Passeriformes,Aves,genbank,
NC_003054.1,Anser sp.,Anser,Anseriformes,Aves,genbank,
NC_008521.1,gull,gull,Charadriiformes,Aves,genbank,
NC_038392.1,Homo sapiens,Homo sapiens,Primates,Mammalia,genbank,
NC_023885.1,mink,mink,Carnivora,Mammalia,genbank,
NC_002361.1,pigeon,pigeon,Columbiformes,Aves,genbank,
NC_031753.1,swine,Sus scrofa,Artiodactyla,Mammalia,genbank,
NC_008375.1,Corvus coronoides,Corvus coronoides,Passeriformes,Aves,genbank,
KY370034.1,Neodon clarkei,Neodon clarkei,Rodentia,Mammalia,genbank,
KY370042.1,Apodemus chevrieri,Apodemus chevrieri,Rodentia,Mammalia,genbank,
KY370039.1,Neodon clarkei,Neodon clarkei,Rodentia,Mammalia,genbank,
KY370029.1,Allactaga sibirica,Allactaga sibirica,Rodentia,Mammalia,genbank,
KY370027.1,Niviventer eha,Niviventer eha,Rodentia,Mammalia,genbank,
KY370037.1,Apodemus draco,Apodemus draco,Rodentia,Mammalia,genbank,
NC_008033.1,European Starling,European Starling,Passeriformes,Aves,genbank,
NC_025247.1,mute swan,mute swan,Anseriformes,Aves,genbank,
NC_030199.1,Ixodes scapularis,Ixodes scapularis,Ixodida,Arachnida,genbank,
KX987146.1,Tick,Tick,Ixodida,Arachnida,genbank,
NC_026945.1,Taeniopygia guttata,Taeniopygia guttata,Passeriformes,Aves,genbank,
NC_034547.1,bat,bat,Chiroptera,Mammalia,genbank,
NC_038393.1,bat,bat,Chiroptera,Mammalia,genbank,
NC_038394.1,bat,bat,Chiroptera,Mammalia,genbank,
NC_038395.1,bat,bat,Chiroptera,Mammalia,genbank,
NC_014929.1,bat,bat,Chiroptera,Mammalia,genbank,
NC_038396.1,Rhinolophus pusillus,Rhinolophus pusillus,Chiroptera,Mammalia,genbank,
NC_038397.1,Rhinolophus ferrumequinum,Rhinolophus ferrumequinum,Chiroptera,Mammalia,genbank,
NC_038398.1,Rhinolophus pusillus,Rhinolophus pusillus,Chiroptera,Mammalia,genbank,
NC_038399.1,Tylonycteris pachypus,Tylonycteris pachypus,Chiroptera,Mammalia,genbank,
NC_025792.1,bat colony of Molossus molossus and Tadarida brasiliensis,bat colony of Molossus molossus and Tadarida brasiliensis,Chiroptera,Mammalia,genbank,
NC_038400.1,Myotis sp.,Myotis,Chiroptera,Mammalia,genbank,
NC_025791.1,bat colony of Molossus molossus and Tadarida brasiliensis,bat colony of Molossus molossus and Tadarida brasiliensis,Chiroptera,Mammalia,genbank,
NC_038401.1,Plecotus auritus,Plecotus auritus,Chiroptera,Mammalia,genbank,
NC_038402.1,Pteropus tonganus,Pteropus tonganus,Chiroptera,Mammalia,genbank,
NC_038403.1,Pteropus tonganus,Pteropus tonganus,Chiroptera,Mammalia,genbank,
NC_038404.1,Pteropus tonganus,Pteropus tonganus,Chiroptera,Mammalia,genbank,
NC_038405.1,cow,cow,Artiodactyla,Mammalia,genbank,
NC_038406.1,chicken,Gallus gallus,Galliformes,Aves,genbank,
NC_038407.1,chimpanzee,chimpanzee,Primates,Mammalia,genbank,
NC_020206.1,palmetto bug,palmetto bug,Blattodea,Insecta,genbank,
JX185419.1,Pantala flavescens,Pantala flavescens,Odonata,Insecta,genbank,
NC_023869.1,Pantala flavescens,Pantala flavescens,Odonata,Insecta,genbank,
NC_023868.1,Erythemis simplicicollis,Erythemis simplicicollis,Odonata,Insecta,genbank,
NC_039214.1,Aeshna multicolor,Aeshna multicolor,Odonata,Insecta,genbank,
NC_023866.1,Erythrodiplax umbrata,Erythrodiplax umbrata,Odonata,Insecta,genbank,
NC_038408.1,Aeshna multicolor,Aeshna multicolor,Odonata,Insecta,genbank,
NC_038409.1,Xanthocnemis zealandica,Xanthocnemis zealandica,Odonata,Insecta,genbank,
NC_038410.1,Orthetrum sabina,Orthetrum sabina,Odonata,Insecta,genbank,
NC_034977.1,Anas platyrhynchos,Anas platyrhynchos,Anseriformes,Aves,genbank,
NC_024700.1,Felis catus,Felis catus,Carnivora,Mammalia,genbank,
NC_014928.1,goat,goat,Artiodactyla,Mammalia,genbank,
NC_038411.1,Equus caballus,Equus caballus,Perissodactyla,Mammalia,genbank,
NC_038412.1,Homo sapiens,Homo sapiens,Primates,Mammalia,genbank,
NC_036877.1,Homo sapiens,Homo sapiens,Primates,Mammalia,genbank,
NC_038413.1,Homo sapiens,Homo sapiens,Primates,Mammalia,genbank,
NC_038414.1,Homo sapiens,Homo sapiens,Primates,Mammalia,genbank,
NC_038415.1,Homo sapiens,Homo sapiens,Primates,Mammalia,genbank,
NC_038416.1,Homo sapiens,Homo sapiens,Primates,Mammalia,genbank,
NC_038417.1,Homo sapiens,Homo sapiens,Primates,Mammalia,genbank,
NC_039215.1,Homo sapiens,Homo sapiens,Primates,Mammalia,genbank,
NC_021568.1,Homo sapiens,Homo sapiens,Primates,Mammalia,genbank,
NC_023874.2,Homo sapiens,Homo sapiens,Primates,Mammalia,genbank,
NC_038418.1,Homo sapiens,Homo sapiens,Primates,Mammalia,genbank,
NC_032682.2,Homo sapiens,Homo sapiens,Primates,Mammalia,genbank,
NC_031755.1,mouse,mouse,Rodentia,Mammalia,genbank,
KY370028.1,Rattus flavipectus,Rattus flavipectus,Rodentia,Mammalia,genbank,
KY370026.1,Rattus tanezumi sladeni,Rattus tanezumi sladeni,Rodentia,Mammalia,genbank,
NC_027530.1,Callosciurus erythraeus thaiwanensis,Callosciurus erythraeus thaiwanensis,Rodentia,Mammalia,genbank,
NC_025741.1,Ovis aries,Ovis aries,Artiodactyla,Mammalia,genbank,
NC_030146.1,Bos taurus,Bos taurus,Artiodactyla,Mammalia,genbank,
NC_026261.1,Bromus hordeaceus,Bromus hordeaceus,Poales,Magnoliopsida,genbank,
NC_023844.1,cassava,cassava,Malpighiales,Magnoliopsida,genbank,
NC_027776.1,Poecile atricapillus,Poecile atricapillus,Passeriformes,Aves,genbank,
NC_030141.1,Gallus gallus momesticus,Gallus gallus domesticus,Galliformes,Aves,genbank,
NC_030140.1,Gallus gallus momesticus,Gallus gallus domesticus,Galliformes,Aves,genbank,
NC_023871.1,Erythemis simplicicollis,Erythemis simplicicollis,Odonata,Insecta,genbank,
NC_030143.1,Equus ferus,Equus ferus,Perissodactyla,Mammalia,genbank,
NC_025736.1,Arctocephalus forsteri,Arctocephalus forsteri,Carnivora,Mammalia,genbank,
NC_025734.1,Gerygone albofrontata,Gerygone albofrontata,Passeriformes,Aves,genbank,
NC_025735.1,Gerygone albofrontata,Gerygone albofrontata,Passeriformes,Aves,genbank,
NC_025737.1,Gerygone albofrontata,Gerygone albofrontata,Passeriformes,Aves,genbank,
NC_038479.1,Hypericum japonicum,Hypericum japonicum,Malpighiales,Magnoliopsida,genbank,
NC_030142.1,Lama glama,Lama glama,Artiodactyla,Mammalia,genbank,
NC_025733.1,Anas platyrhynchos,Anas platyrhynchos,Anseriformes,Aves,genbank,
NC_038480.1,Miniopterus fuliginosus,Miniopterus fuliginosus,Chiroptera,Mammalia,genbank,
NC_026810.1,Herpestes ichneumon,Herpestes ichneumon,Carnivora,Mammalia,genbank,
NC_038481.1,mosquito,mosquito,Diptera,Insecta,genbank,
NC_038482.1,Ischnura posita,Ischnura posita,Odonata,Insecta,genbank,
NC_038483.1,Aeshna multicolor,Aeshna multicolor,Odonata,Insecta,genbank,
NC_027820.1,Poaceae,Poaceae,Poales,Magnoliopsida,https://doi.org/10.1128/genomea.01144-15,
NC_030145.1,Sus scrofa,Sus scrofa,Artiodactyla,Mammalia,genbank,
NC_025738.1,Sus scrofa,Sus scrofa,Artiodactyla,Mammalia,genbank,
NC_038484.1,Pteropus tonganus,Pteropus tonganus,Chiroptera,Mammalia,genbank,
NC_038485.1,Pteropus tonganus,Pteropus tonganus,Chiroptera,Mammalia,genbank,
NC_038486.1,Pteropus tonganus,Pteropus tonganus,Chiroptera,Mammalia,genbank,
NC_038487.1,Pteropus tonganus,Pteropus tonganus,Chiroptera,Mammalia,genbank,
NC_038488.1,Pteropus tonganus,Pteropus tonganus,Chiroptera,Mammalia,genbank,
NC_038489.1,Pteropus tonganus,Pteropus tonganus,Chiroptera,Mammalia,genbank,
NC_038490.1,Pteropus tonganus,Pteropus tonganus,Chiroptera,Mammalia,genbank,
NC_038491.1,Pteropus tonganus,Pteropus tonganus,Chiroptera,Mammalia,genbank,
NC_038492.1,Pteropus tonganus,Pteropus tonganus,Chiroptera,Mammalia,genbank,
NC_038493.1,Pteropus tonganus,Pteropus tonganus,Chiroptera,Mammalia,genbank,
NC_027821.1,rat,rat,Rodentia,Mammalia,genbank,
NC_013116.1,Sclerotinia sclerotiorum,Sclerotinia sclerotiorum,Helotiales,Leotiomycetes,genbank,
NC_026164.1,NA,NA,NA,NA,genbank,From sewage
NC_026166.1,NA,NA,NA,NA,genbank,From sewage
NC_026162.1,NA,NA,NA,NA,genbank,From sewage
NC_038494.1,NA,NA,NA,NA,genbank,From sewage
NC_026165.1,NA,NA,NA,NA,genbank,From sewage
NC_030144.1,Ovis aries,Ovis aries,Artiodactyla,Mammalia,genbank,
NC_028460.2,Glycine max,Glycine max,Fabales,Magnoliopsida,genbank,
NC_023870.1,Pantala flavescens,Pantala flavescens,Odonata,Insecta,genbank,
NC_030147.1,Canis lupus familiaris,Canis lupus familiaris,Carnivora,Mammalia,genbank,
NC_030138.1,Anas platyrhynchos,Anas platyrhynchos,Anseriformes,Aves,genbank,
NC_038495.1,Pteropus tonganus,Pteropus tonganus,Chiroptera,Mammalia,genbank,
NC_026161.1,NA,NA,NA,NA,genbank,From sewage
NC_025730.1,Sturnus vulgaris,Sturnus vulgaris,Passeriformes,Aves,genbank,
NC_026806.1,Meles meles,Meles meles,Carnivora,Mammalia,genbank,
NC_025732.1,Petroica traversi,Petroica traversi,Passeriformes,Aves,genbank,
NC_025731.1,Turdus merula,Turdus merula,Passeriformes,Aves,genbank,
NC_024689.1,Bos taurus,Bos taurus,Artiodactyla,Mammalia,genbank,
NC_023872.1,Miathyria marcella,Miathyria marcella,Odonata,Insecta,genbank,
NC_024691.1,Homo sapiens,Homo sapiens,Primates,Mammalia,genbank,
NC_026818.1,Homo sapiens,Homo sapiens,Primates,Mammalia,genbank,
NC_038496.1,Homo sapiens,Homo sapiens,Primates,Mammalia,genbank,
NC_038497.1,Homo sapiens,Homo sapiens,Primates,Mammalia,genbank,
NC_030448.1,Homo sapiens,Homo sapiens,Primates,Mammalia,genbank,
NC_026808.1,Herpestes ichneumon,Herpestes ichneumon,Carnivora,Mammalia,genbank,
NC_038498.1,Pteropus tonganus,Pteropus tonganus,Chiroptera,Mammalia,genbank,
NC_038499.1,Rhinolophus hipposideros,Rhinolophus hipposideros,Chiroptera,Mammalia,genbank,
NC_038500.1,Rhinolophus ferrumequinum,Rhinolophus ferrumequinum,Chiroptera,Mammalia,genbank,
NC_026168.1,NA,NA,NA,NA,genbank,From sewage
NC_026167.1,NA,NA,NA,NA,genbank,From sewage
NC_038501.1,Pteropus tonganus,Pteropus tonganus,Chiroptera,Mammalia,genbank,
NC_038502.1,Pteropus tonganus,Pteropus tonganus,Chiroptera,Mammalia,genbank,
NC_024690.1,Bos taurus,Bos taurus,Artiodactyla,Mammalia,genbank,
NC_024909.1,Rangifer tarandus,Rangifer tarandus,Artiodactyla,Mammalia,https://doi.org/10.1073/pnas.1410429111,
NC_026144.1,NA,NA,NA,NA,genbank,From sewage
NC_025729.1,Oryctolagus cuniculus,Oryctolagus cuniculus,Lagomorpha,Mammalia,genbank,
NC_025728.1,Struthio camelus,Struthio camelus,Struthioniformes,Aves,genbank,
NC_028459.1,Homo sapiens,Homo sapiens,Primates,Mammalia,genbank,
NC_029917.1,Eucampsipoda africana,Eucampsipoda africana,Diptera,Insecta,genbank,
NC_029911.1,Eucampsipoda africana,Eucampsipoda africana,Diptera,Insecta,genbank,
NC_029912.1,Eucampsipoda africana,Eucampsipoda africana,Diptera,Insecta,genbank,
NC_029913.1,Eucampsipoda africana,Eucampsipoda africana,Diptera,Insecta,genbank,
NC_029918.1,Eucampsipoda africana,Eucampsipoda africana,Diptera,Insecta,genbank,
NC_029914.1,Eucampsipoda africana,Eucampsipoda africana,Diptera,Insecta,genbank,
NC_029915.1,Eucampsipoda africana,Eucampsipoda africana,Diptera,Insecta,genbank,
NC_029919.1,Eucampsipoda africana,Eucampsipoda africana,Diptera,Insecta,genbank,
NC_029916.1,Eucampsipoda africana,Eucampsipoda africana,Diptera,Insecta,genbank,
NC_029920.1,Eucampsipoda africana,Eucampsipoda africana,Diptera,Insecta,genbank,
HM159613.1,Homo sapiens,Homo sapiens,Primates,Mammalia,genbank,
HM159614.1,Homo sapiens,Homo sapiens,Primates,Mammalia,genbank,
HM159615.1,Homo sapiens,Homo sapiens,Primates,Mammalia,genbank,
HM159616.1,Homo sapiens,Homo sapiens,Primates,Mammalia,genbank,
HM159617.1,Homo sapiens,Homo sapiens,Primates,Mammalia,genbank,
HM159618.1,Homo sapiens,Homo sapiens,Primates,Mammalia,genbank,
HM159619.1,Homo sapiens,Homo sapiens,Primates,Mammalia,genbank,
HM159620.1,Homo sapiens,Homo sapiens,Primates,Mammalia,genbank,
HM159621.1,Homo sapiens,Homo sapiens,Primates,Mammalia,genbank,
HM159622.1,Homo sapiens,Homo sapiens,Primates,Mammalia,genbank,
NC_006551.1,blackbird,blackbird,Passeriformes,Aves,genbank,
NC_023176.1,Sus scrofa,Sus scrofa,Artiodactyla,Mammalia,https://doi.org/10.1016/j.virusres.2007.05.002,
NC_003678.1,Giraffa camelopardalis,Giraffa camelopardalis,Artiodactyla,Mammalia,genbank,
NC_025677.1,Rattus norvegicus,Rattus norvegicus,Rodentia,Mammalia,genbank,
NC_038964.1,porcine,porcine,Artiodactyla,Mammalia,genbank,
NC_039015.1,duck,duck,Anseriformes,Aves,genbank,
NC_040796.1,gull,gull,Charadriiformes,Aves,genbank,
NC_039016.1,wild duck,wild duck,Anseriformes,Aves,genbank,
NC_007803.1,NA,NA,NA,NA,https://doi.org/10.1016/j.virol.2005.10.039,"Found contaminating cell line, origin unknown"
NC_007454.1,Mus musculus,Mus musculus,Rodentia,Mammalia,genbank,
NC_043539.1,Lophuromys machangui,Lophuromys machangui,Rodentia,Mammalia,genbank,
NC_043540.1,Lophuromys machangui,Lophuromys machangui,Rodentia,Mammalia,genbank,
MG516455.1,Myodes glareolus,Myodes glareolus,Rodentia,Mammalia,genbank,
NC_025355.1,Sikkim rat,Sikkim rat,Rodentia,Mammalia,genbank,
NC_005339.1,wild rat,wild rat,Rodentia,Mammalia,genbank,
MF943130.1,Myodes glareolus,Myodes glareolus,Rodentia,Mammalia,genbank,
NC_017937.1,Zygodontomys brevicauda,Zygodontomys brevicauda,Rodentia,Mammalia,genbank,
NC_002199.1,Tupaia belangeri,Tupaia belangeri,Scandentia,Mammalia,https://doi.org/10.1006/viro.1999.9693,
NC_028362.1,goat,goat,Artiodactyla,Mammalia,genbank,
NC_025386.1,Equus ferus,Equus ferus,Perissodactyla,Mammalia,genbank,
NC_039200.1,Psorophora albigenu,Psorophora albigenu,Diptera,Insecta,genbank,
NC_031957.1,Anopheles quadrimaculatus,Anopheles quadrimaculatus,Diptera,Insecta,genbank,
NC_031958.1,unidentified mosquitos,unidentified mosquitos,Diptera,Insecta,genbank,
KY700686.1,sweet orange,sweet orange,Sapindales,Magnoliopsida,genbank,
KY700685.1,sweet orange,sweet orange,Sapindales,Magnoliopsida,genbank,
KX982176.1,sweet orange,sweet orange,Sapindales,Magnoliopsida,genbank,
KX982179.1,sweet orange,sweet orange,Sapindales,Magnoliopsida,genbank,
NC_043648.1,Clerodendrum sp.,Clerodendrum,Lamiales,Magnoliopsida,genbank,
NC_043649.1,Clerodendrum sp.,Clerodendrum,Lamiales,Magnoliopsida,genbank,
NC_043538.1,Pipistrellus kuhlii,Pipistrellus kuhlii,Chiroptera,Mammalia,genbank,
NC_031988.1,Pteropus giganteus,Pteropus giganteus,Chiroptera,Mammalia,genbank,
NC_031955.1,Miniopterus schreibersii,Miniopterus schreibersii,Chiroptera,Mammalia,genbank,
NC_039021.1,Culicoides peregrinus,Culicoides peregrinus,Diptera,Insecta,genbank,
NC_040465.1,Antennarius striatus,Antennarius striatus,Lophiiformes,Actinopteri,genbank,
NC_040466.1,Antennarius striatus,Antennarius striatus,Lophiiformes,Actinopteri,genbank,
NC_040464.1,Antennarius striatus,Antennarius striatus,Lophiiformes,Actinopteri,genbank,
NC_040428.1,Antennarius striatus,Antennarius striatus,Lophiiformes,Actinopteri,genbank,
NC_040426.1,Antennarius striatus,Antennarius striatus,Lophiiformes,Actinopteri,genbank,
NC_040427.1,Antennarius striatus,Antennarius striatus,Lophiiformes,Actinopteri,genbank,
NC_027136.1,Micaelamys namaquensis,Micaelamys namaquensis,Rodentia,Mammalia,genbank,
NC_027134.1,Micaelamys namaquensis,Micaelamys namaquensis,Rodentia,Mammalia,genbank,
NC_039010.1,Mus caroli,Mus caroli,Rodentia,Mammalia,genbank,
NC_039009.1,Mus caroli,Mus caroli,Rodentia,Mammalia,genbank,
NC_039011.1,Praomys sp.,Praomys,Rodentia,Mammalia,genbank,
NC_039012.1,Praomys sp.,Praomys,Rodentia,Mammalia,genbank,
NC_039006.1,Boa constrictor,Boa constrictor,Squamata,Lepidosauria,genbank,
NC_039005.1,Boa constrictor,Boa constrictor,Squamata,Lepidosauria,genbank,
NC_039008.1,Boa constrictor,Boa constrictor,Squamata,Lepidosauria,https://doi.org/10.1371/journal.ppat.1006179,
NC_039007.1,Boa constrictor,Boa constrictor,Squamata,Lepidosauria,https://doi.org/10.1371/journal.ppat.1006179,
MG599943.1,Halieutaea stellata,Halieutaea stellata,Lophiiformes,Actinopteri,genbank,
MG599946.1,Lophius litulon,Lophius litulon,Lophiiformes,Actinopteri,genbank,
MG599949.1,Triacanthodes anomalus,Triacanthodes anomalus,Tetraodontiformes,Actinopteri,genbank,
MG599952.1,Eptatretus burgeri,Eptatretus burgeri,Myxiniformes,Myxini,genbank,
NC_043068.1,Sorex minutus,Sorex minutus,Eulipotyphla,Mammalia,genbank,
NC_043069.1,Sorex minutus,Sorex minutus,Eulipotyphla,Mammalia,genbank,
NC_043070.1,Sorex minutus,Sorex minutus,Eulipotyphla,Mammalia,genbank,
NC_038939.1,Microtus pennsylvanicus,Microtus pennsylvanicus,Rodentia,Mammalia,genbank,
NC_038940.1,Microtus pennsylvanicus,Microtus pennsylvanicus,Rodentia,Mammalia,genbank,"Host listed for L segment only, supported by Arbocat record"
NC_038938.1,Microtus pennsylvanicus,Microtus pennsylvanicus,Rodentia,Mammalia,genbank,"Host listed for L segment only, supported by Arbocat record"
KU934008.1,Stenocephalemys albipes,Stenocephalemys albipes,Rodentia,Mammalia,genbank,
MG599940.1,Hemidactylus bowringii,Hemidactylus bowringii,Squamata,Lepidosauria,genbank,
NC_034511.1,Ornithodoros erraticus,Ornithodoros erraticus,Ixodida,Arachnida,genbank,
NC_034522.1,Ornithodoros erraticus,Ornithodoros erraticus,Ixodida,Arachnida,genbank,
NC_034512.1,Ornithodoros erraticus,Ornithodoros erraticus,Ixodida,Arachnida,genbank,
NC_018465.1,Culex tritaeniorhynchus,Culex tritaeniorhynchus,Diptera,Insecta,arbocat,
NC_018459.1,Culex tritaeniorhynchus,Culex tritaeniorhynchus,Diptera,Insecta,arbocat,
NC_018460.1,Culex tritaeniorhynchus,Culex tritaeniorhynchus,Diptera,Insecta,arbocat,
KU159766.1,Aedes sp.,Aedes,Diptera,Insecta,genbank,
KU159765.1,Aedes sp.,Aedes,Diptera,Insecta,genbank,
KU159764.1,Aedes sp.,Aedes,Diptera,Insecta,genbank,
NC_043564.1,Phoniomyia pilicauda,Phoniomyia pilicauda,Diptera,Insecta,arbocat,
NC_043565.1,Phoniomyia pilicauda,Phoniomyia pilicauda,Diptera,Insecta,arbocat,
NC_043566.1,Phoniomyia pilicauda,Phoniomyia pilicauda,Diptera,Insecta,arbocat,
NC_043580.1,Aedes curtipes,Aedes curtipes,Diptera,Insecta,genbank,
NC_043579.1,Aedes curtipes,Aedes curtipes,Diptera,Insecta,genbank,
NC_043581.1,Aedes curtipes,Aedes curtipes,Diptera,Insecta,genbank,
NC_043621.1,Culex  portesi,Culex  portesi,Diptera,Insecta,genbank,
NC_043623.1,Culex  portesi,Culex  portesi,Diptera,Insecta,genbank,
NC_043622.1,Culex  portesi,Culex  portesi,Diptera,Insecta,genbank,
NC_043651.1,Anopheles pharoensis,Anopheles pharoensis,Diptera,Insecta,genbank,
NC_043652.1,Anopheles pharoensis,Anopheles pharoensis,Diptera,Insecta,genbank,
NC_043650.1,Anopheles pharoensis,Anopheles pharoensis,Diptera,Insecta,genbank,
NC_043655.1,Aedes opok,Aedes opok,Diptera,Insecta,genbank,
NC_043653.1,Aedes opok,Aedes opok,Diptera,Insecta,genbank,
NC_043654.1,Aedes opok,Aedes opok,Diptera,Insecta,genbank,
NC_043597.1,Culicoides sp.,Culicoides,Diptera,Insecta,genbank,
NC_043599.1,Culicoides sp.,Culicoides,Diptera,Insecta,genbank,
NC_043598.1,Culicoides sp.,Culicoides,Diptera,Insecta,genbank,
NC_043618.1,Culiseta inornata,Culiseta inornata,Diptera,Insecta,genbank,
NC_043619.1,Culiseta inornata,Culiseta inornata,Diptera,Insecta,genbank,
NC_043620.1,Culiseta inornata,Culiseta inornata,Diptera,Insecta,genbank,
NC_043575.1,NA,NA,NA,NA,NA,
NC_043573.1,NA,NA,NA,NA,NA,
NC_043574.1,NA,NA,NA,NA,NA,
NC_024076.1,Culex sp.,Culex,Diptera,Insecta,genbank,
NC_024074.1,Culex sp.,Culex,Diptera,Insecta,genbank,
NC_024075.1,Culex sp.,Culex,Diptera,Insecta,genbank,
NC_043614.1,Culex epanatasis,Culex epanatasis,Diptera,Insecta,genbank,
NC_043612.1,Culex epanatasis,Culex epanatasis,Diptera,Insecta,genbank,
NC_043613.1,Culex epanatasis,Culex epanatasis,Diptera,Insecta,genbank,
KF697138.1,mosquito,mosquito,Diptera,Insecta,genbank,
KF697137.1,mosquito,mosquito,Diptera,Insecta,genbank,
KF697136.1,mosquito,mosquito,Diptera,Insecta,genbank,
NC_043617.1,Homo sapiens,Homo sapiens,Primates,Mammalia,genbank,
NC_043615.1,Homo sapiens,Homo sapiens,Primates,Mammalia,genbank,
NC_043616.1,Homo sapiens,Homo sapiens,Primates,Mammalia,genbank,
NC_043568.1,Wyeomyia spp.,Wyeomyia spp.,Diptera,Insecta,arbocat,
NC_043567.1,Wyeomyia spp.,Wyeomyia spp.,Diptera,Insecta,arbocat,
NC_043569.1,Wyeomyia spp.,Wyeomyia spp.,Diptera,Insecta,arbocat,
NC_043587.1,Homo sapiens,Homo sapiens,Primates,Mammalia,genbank,
NC_043586.1,Homo sapiens,Homo sapiens,Primates,Mammalia,genbank,
NC_043585.1,Homo sapiens,Homo sapiens,Primates,Mammalia,genbank,
NC_043588.1,Hyphanturgus ocularis,Hyphanturgus ocularis,Passeriformes,Aves,genbank,
NC_043589.1,Hyphanturgus ocularis,Hyphanturgus ocularis,Passeriformes,Aves,genbank,
NC_043590.1,Hyphanturgus ocularis,Hyphanturgus ocularis,Passeriformes,Aves,genbank,
NC_043559.1,Culiseta inornata,Culiseta inornata,Diptera,Insecta,genbank,
NC_043560.1,Culiseta inornata,Culiseta inornata,Diptera,Insecta,genbank,
NC_043558.1,Culiseta inornata,Culiseta inornata,Diptera,Insecta,genbank,
NC_043578.1,Nasua nasua,Nasua nasua,Carnivora,Mammalia,genbank,
NC_043577.1,Nasua nasua,Nasua nasua,Carnivora,Mammalia,genbank,
NC_043576.1,Nasua nasua,Nasua nasua,Carnivora,Mammalia,genbank,
NC_043629.1,Ochlerotatus cf. atlanticus/tormentor,Ochlerotatus cf. atlanticus/tormentor,Diptera,Insecta,genbank,
NC_043627.1,Ochlerotatus cf. atlanticus/tormentor,Ochlerotatus cf. atlanticus/tormentor,Diptera,Insecta,genbank,
NC_043628.1,Ochlerotatus cf. atlanticus/tormentor,Ochlerotatus cf. atlanticus/tormentor,Diptera,Insecta,genbank,
EF485032.1,Homo sapiens,Homo sapiens,Primates,Mammalia,https://doi.org/10.1186/1743-422x-4-41,
EF485031.1,Homo sapiens,Homo sapiens,Primates,Mammalia,https://doi.org/10.1186/1743-422x-4-41,
EF485030.1,Homo sapiens,Homo sapiens,Primates,Mammalia,https://doi.org/10.1186/1743-422x-4-41,
NC_043563.1,Anopheles meraukensis,Anopheles meraukensis,Diptera,Insecta,genbank,
NC_043562.1,Anopheles meraukensis,Anopheles meraukensis,Diptera,Insecta,genbank,
NC_043561.1,Anopheles meraukensis,Anopheles meraukensis,Diptera,Insecta,genbank,
NC_043632.1,Aedes pembaensis,Aedes pembaensis,Diptera,Insecta,genbank,
NC_043630.1,Aedes pembaensis,Aedes pembaensis,Diptera,Insecta,genbank,
NC_043631.1,Aedes pembaensis,Aedes pembaensis,Diptera,Insecta,genbank,
JN572068.1,Sabethes (Sbn) soperi,Sabethes soperi,Diptera,Insecta,arbocat,
JN572069.1,Sabethes (Sbn) soperi,Sabethes soperi,Diptera,Insecta,arbocat,
JN572070.1,Sabethes (Sbn) soperi,Sabethes soperi,Diptera,Insecta,arbocat,
KY910429.1,mosquito,mosquito,Diptera,Insecta,genbank,
KY910430.1,mosquito,mosquito,Diptera,Insecta,genbank,
KY910431.1,mosquito,mosquito,Diptera,Insecta,genbank,
NC_043634.1,Ochlerotatus scapularis,Ochlerotatus scapularis,Diptera,Insecta,genbank,
NC_043633.1,Ochlerotatus scapularis,Ochlerotatus scapularis,Diptera,Insecta,genbank,
NC_043635.1,Ochlerotatus scapularis,Ochlerotatus scapularis,Diptera,Insecta,genbank,
NC_043591.1,Progne subis,Progne subis,Passeriformes,Aves,genbank,
NC_043592.1,Progne subis,Progne subis,Passeriformes,Aves,genbank,
NC_043593.1,Progne subis,Progne subis,Passeriformes,Aves,genbank,
NC_043550.1,Culicoides brevitarsis,Culicoides brevitarsis,Diptera,Insecta,arbocat,
NC_043551.1,Culicoides brevitarsis,Culicoides brevitarsis,Diptera,Insecta,arbocat,
NC_043549.1,Culicoides brevitarsis,Culicoides brevitarsis,Diptera,Insecta,arbocat,
NC_043646.1,Aedes albopictus,Aedes albopictus,Diptera,Insecta,genbank,
NC_043645.1,Aedes albopictus,Aedes albopictus,Diptera,Insecta,genbank,
NC_043647.1,Aedes albopictus,Aedes albopictus,Diptera,Insecta,genbank,
NC_043553.1,North Nigerian goat,North Nigerian goat,Artiodactyla,Mammalia,arbocat,
NC_043552.1,North Nigerian goat,North Nigerian goat,Artiodactyla,Mammalia,arbocat,
NC_043554.1,North Nigerian goat,North Nigerian goat,Artiodactyla,Mammalia,arbocat,
NC_043637.1,Anopheles pseudopunctipennis,Anopheles pseudopunctipennis,Diptera,Insecta,genbank,
NC_043638.1,Anopheles pseudopunctipennis,Anopheles pseudopunctipennis,Diptera,Insecta,genbank,
NC_043636.1,Anopheles pseudopunctipennis,Anopheles pseudopunctipennis,Diptera,Insecta,genbank,
NC_043556.1,Cattle,Cattle,Artiodactyla,Mammalia,arbocat,
NC_043555.1,Cattle,Cattle,Artiodactyla,Mammalia,arbocat,
NC_043557.1,Cattle,Cattle,Artiodactyla,Mammalia,arbocat,
NC_043641.1,Aedes fulvus,Aedes fulvus,Diptera,Insecta,genbank,
NC_043639.1,Aedes fulvus,Aedes fulvus,Diptera,Insecta,genbank,
NC_043640.1,Aedes fulvus,Aedes fulvus,Diptera,Insecta,genbank,
EU203678.2,Lepus americanus,Lepus americanus,Lagomorpha,Mammalia,genbank,
EU262553.1,Lepus americanus,Lepus americanus,Lagomorpha,Mammalia,genbank,"Host listed for L segment only, supported by Arbocat record"
EU294510.1,Lepus americanus,Lepus americanus,Lagomorpha,Mammalia,genbank,"Host listed for L segment only, supported by Arbocat record"
NC_043570.1,Sabethini mosquitoes,Sabethini mosquitoes,Diptera,Insecta,arbocat,
NC_043571.1,Sabethini mosquitoes,Sabethini mosquitoes,Diptera,Insecta,arbocat,
NC_043572.1,Sabethini mosquitoes,Sabethini mosquitoes,Diptera,Insecta,arbocat,
EU665255.1,Culex sp.,Culex,Diptera,Insecta,genbank,
EU622819.2,Culex sp.,Culex,Diptera,Insecta,genbank,
EU622820.2,Culex sp.,Culex,Diptera,Insecta,genbank,
NC_043607.1,Culex sp. and Anopheles sp.,Culex sp. and Anopheles sp.,Diptera,Insecta,arbocat,
NC_043608.1,Culex sp. and Anopheles sp.,Culex sp. and Anopheles sp.,Diptera,Insecta,arbocat,
NC_043606.1,Culex sp. and Anopheles sp.,Culex sp. and Anopheles sp.,Diptera,Insecta,arbocat,
NC_043546.1,mosquito,mosquito,Diptera,Insecta,genbank,
NC_043548.1,mosquito,mosquito,Diptera,Insecta,genbank,
NC_043547.1,mosquito,mosquito,Diptera,Insecta,genbank,
KR149249.1,Aedes trivittatus,Aedes trivittatus,Diptera,Insecta,genbank,
KR149248.1,Aedes trivittatus,Aedes trivittatus,Diptera,Insecta,genbank,
KR149247.1,Aedes trivittatus,Aedes trivittatus,Diptera,Insecta,genbank,
NC_043594.1,Bradypus tridactylus,Bradypus tridactylus,Pilosa,Mammalia,genbank,
NC_043595.1,Bradypus tridactylus,Bradypus tridactylus,Pilosa,Mammalia,genbank,
NC_043596.1,Bradypus tridactylus,Bradypus tridactylus,Pilosa,Mammalia,genbank,
NC_043674.1,Culex rubinotus,Culex rubinotus,Diptera,Insecta,genbank,
NC_043675.1,Culex rubinotus,Culex rubinotus,Diptera,Insecta,genbank,
NC_043673.1,Culex rubinotus,Culex rubinotus,Diptera,Insecta,genbank,
NC_034633.1,Eucampsipoda africana,Eucampsipoda africana,Diptera,Insecta,https://doi.org/10.1099/jgv.0.000753,
NC_034631.1,Eucampsipoda africana,Eucampsipoda africana,Diptera,Insecta,https://doi.org/10.1099/jgv.0.000753,
NC_034632.1,Eucampsipoda africana,Eucampsipoda africana,Diptera,Insecta,https://doi.org/10.1099/jgv.0.000753,
NC_043600.1,Oryzomys sp.,Oryzomys,Rodentia,Mammalia,genbank,
NC_043602.1,Oryzomys sp.,Oryzomys,Rodentia,Mammalia,genbank,
NC_043601.1,Oryzomys sp.,Oryzomys,Rodentia,Mammalia,genbank,
NC_043605.1,Phlebotominae sp.,Phlebotominae,Diptera,Insecta,genbank,
NC_043603.1,Phlebotominae sp.,Phlebotominae,Diptera,Insecta,genbank,
NC_043604.1,Phlebotominae sp.,Phlebotominae,Diptera,Insecta,genbank,
KM225260.1,Oxymycterus sp.,Oxymycterus,Rodentia,Mammalia,genbank,
KM225261.1,Oxymycterus sp.,Oxymycterus,Rodentia,Mammalia,genbank,
KM225262.1,Oxymycterus sp.,Oxymycterus,Rodentia,Mammalia,genbank,
NC_034462.1,Chaoborus trivitattus,Chaoborus trivitattus,Diptera,Insecta,genbank,
NC_034469.1,Chaoborus trivitattus,Chaoborus trivitattus,Diptera,Insecta,genbank,
NC_034463.1,Chaoborus trivitattus,Chaoborus trivitattus,Diptera,Insecta,genbank,
NC_031293.1,Blattella germanica,Blattella germanica,Blattodea,Insecta,genbank,
NC_031294.1,Blattella germanica,Blattella germanica,Blattodea,Insecta,genbank,
NC_031296.1,Blattella germanica,Blattella germanica,Blattodea,Insecta,genbank,
NC_031307.1,Culex tritaeniorhynchus,Culex tritaeniorhynchus,Diptera,Insecta,genbank,
NC_031308.1,Culex tritaeniorhynchus,Culex tritaeniorhynchus,Diptera,Insecta,genbank,
NC_031310.1,Culex tritaeniorhynchus,Culex tritaeniorhynchus,Diptera,Insecta,genbank,
NC_031312.1,Culex tritaeniorhynchus,Culex tritaeniorhynchus,Diptera,Insecta,genbank,
NC_031309.1,Culex tritaeniorhynchus,Culex tritaeniorhynchus,Diptera,Insecta,genbank,
NC_031311.1,Culex tritaeniorhynchus,Culex tritaeniorhynchus,Diptera,Insecta,genbank,
KM817675.1,unidentified Gerridae,unidentified Gerridae,Hemiptera,Insecta,genbank,
KX650646.1,unidentified Gerridae,unidentified Gerridae,Hemiptera,Insecta,genbank,
KX650647.1,unidentified Gerridae,unidentified Gerridae,Hemiptera,Insecta,genbank,
KJ740148.1,Homo sapiens,Homo sapiens,Primates,Mammalia,genbank,
KJ740147.1,Homo sapiens,Homo sapiens,Primates,Mammalia,genbank,
KJ740146.1,Homo sapiens,Homo sapiens,Primates,Mammalia,genbank,
NC_035759.1,Citrus sinensis,Citrus sinensis,Sapindales,Magnoliopsida,genbank,
NC_035454.1,Citrus sinensis,Citrus sinensis,Sapindales,Magnoliopsida,genbank,
NC_043679.1,Ixodes scapularis,Ixodes scapularis,Ixodida,Arachnida,genbank,
NC_043680.1,Ixodes scapularis,Ixodes scapularis,Ixodida,Arachnida,genbank,
NC_043681.1,Ixodes scapularis,Ixodes scapularis,Ixodida,Arachnida,genbank,
HM566147.1,Homo sapiens,Homo sapiens,Primates,Mammalia,arbocat,
HM566146.1,Homo sapiens,Homo sapiens,Primates,Mammalia,arbocat,
HM566148.1,Homo sapiens,Homo sapiens,Primates,Mammalia,arbocat,
NC_043510.1,Ixodes persulcatus,Ixodes persulcatus,Ixodida,Arachnida,genbank,
NC_043509.1,Ixodes persulcatus,Ixodes persulcatus,Ixodida,Arachnida,genbank,
NC_043511.1,Ixodes persulcatus,Ixodes persulcatus,Ixodida,Arachnida,genbank,
NC_031138.1,Haemaphysalis sp.,Haemaphysalis,Ixodida,Arachnida,genbank,
NC_031139.1,Haemaphysalis sp.,Haemaphysalis,Ixodida,Arachnida,genbank,
NC_031140.1,Haemaphysalis sp.,Haemaphysalis,Ixodida,Arachnida,genbank,
NC_036604.1,Haemaphysalis flava,Haemaphysalis flava,Ixodida,Arachnida,genbank,
NC_036605.1,Haemaphysalis flava,Haemaphysalis flava,Ixodida,Arachnida,genbank,
NC_036606.1,Haemaphysalis flava,Haemaphysalis flava,Ixodida,Arachnida,genbank,
NC_031287.1,Penaeus monodon,Penaeus monodon,Decapoda,Malacostraca,genbank,
NC_031292.1,Penaeus monodon,Penaeus monodon,Decapoda,Malacostraca,genbank,
NC_031290.1,Penaeus monodon,Penaeus monodon,Decapoda,Malacostraca,genbank,
NC_035127.1,Crocidura olivieri guineensis,Crocidura olivieri guineensis,Eulipotyphla,Mammalia,genbank,
NC_028814.1,Rhinolophus ferrumequinum,Rhinolophus ferrumequinum,Chiroptera,Mammalia,genbank,
NC_032730.1,Rattus norvegicus,Rattus norvegicus,Rodentia,Mammalia,genbank,
NC_028811.1,Myotis ricketti,Myotis ricketti,Chiroptera,Mammalia,genbank,
NC_028833.1,Nyctalus velutinus,Nyctalus velutinus,Chiroptera,Mammalia,genbank,
KY073745.1,Triaenops afer,Triaenops afer,Chiroptera,Mammalia,genbank,
NC_026011.1,Rattus norvegicus,Rattus norvegicus,Rodentia,Mammalia,genbank,
NC_025217.1,Hipposideros pratti,Hipposideros pratti,Chiroptera,Mammalia,genbank,
NC_030886.1,Rousettus leschenaulti,Rousettus leschenaulti,Chiroptera,Mammalia,genbank,
HQ010042.1,chicken,Gallus gallus,Galliformes,Aves,genbank,
NC_035675.1,Pimephales promelas,Pimephales promelas,Cypriniformes,Actinopteri,genbank,
NC_043516.1,turkey,turkey,Galliformes,Aves,genbank,
NC_043512.1,Macaca mulatta,Macaca mulatta,Primates,Mammalia,https://doi.org/10.1128/jvi.00070-08,
NC_024031.1,Salmo salar L.,Salmo salar,Salmoniformes,Actinopteri,genbank,
NC_012699.1,Sus scrofa,Sus scrofa,Artiodactyla,Mammalia,genbank,
MF327529.1,Ailuropoda melanoleuca,Ailuropoda melanoleuca,Carnivora,Mammalia,https://doi.org/10.1186/s40168-017-0308-0,
NC_040611.1,Erinaceus roumanicus,Erinaceus roumanicus,Eulipotyphla,Mammalia,genbank,
NC_029905.1,Macaca mulatta,Macaca mulatta,Primates,Mammalia,genbank,
NC_034206.1,Papio cynocephalus,Papio cynocephalus,Primates,Mammalia,genbank,
NC_032126.1,Lissotriton vulgaris,Lissotriton vulgaris,Caudata,Amphibia,genbank,
NC_026315.1,Lemur catta,Lemur catta,Primates,Mammalia,genbank,
NC_026316.1,Varecia variegata,Varecia variegata,Primates,Mammalia,genbank,
NC_039235.1,Gallus gallus domesticus,Gallus gallus domesticus,Galliformes,Aves,genbank,
NC_034617.1,Circus aeruginosus,Circus aeruginosus,Accipitriformes,Aves,genbank,
NC_039004.1,Pygoscelis adeliae,Pygoscelis adeliae,Sphenisciformes,Aves,genbank,
NC_043072.1,Miniopterus schreibersii,Miniopterus schreibersii,Chiroptera,Mammalia,genbank,
KY512802.1,Canis lupus familiaris breed American foxhound,Canis lupus familiaris breed American foxhound,Carnivora,Mammalia,genbank,
NC_025432.1,Gallus gallus domesticus,Gallus gallus domesticus,Galliformes,Aves,genbank,
NC_036588.1,Uraeginthus granatina,Uraeginthus granatina,Passeriformes,Aves,genbank,
KU977108.1,Black-capped chickadee,Black-capped chickadee,Passeriformes,Aves,genbank,
KY432926.1,rodent,rodent,Rodentia,Mammalia,genbank,
NC_040605.1,Marmota himalayana,Marmota himalayana,Rodentia,Mammalia,genbank,
MF175072.1,Mus musculus,Mus musculus,Rodentia,Mammalia,genbank,
NC_023988.1,Indotestudo forsteni,Indotestudo forsteni,Testudines,Reptilia,genbank,
NC_043544.1,Gekko similignum,Gekko similignum,Squamata,Lepidosauria,genbank,
NC_031105.1,Rattus norvegicus,Rattus norvegicus,Rodentia,Mammalia,genbank,
KX783424.1,Rattus andamanensis,Rattus andamanensis,Rodentia,Mammalia,genbank,
LC113907.1,Sus scrofa domesticus,Sus scrofa domesticus,Artiodactyla,Mammalia,genbank,
NC_005982.1,Blotched Snakehead fish,Blotched Snakehead fish,Anabantiformes,Actinopteri,genbank,
NC_005983.1,Blotched Snakehead fish,Blotched Snakehead fish,Anabantiformes,Actinopteri,genbank,
NC_001344.1,Duck,Duck,Anseriformes,Aves,https://doi.org/10.1093/nar/18.20.6139,
NC_001486.1,Ardea cinerea,Ardea cinerea,Pelecaniformes,Aves,https://doi.org/10.1128/jvi.62.10.3832-3839.1988,
NC_016561.1,Psittacula krameri,Psittacula krameri,Psittaciformes,Aves,genbank,
NC_030446.1,Nanorana parkeri,Nanorana parkeri,Anura,Amphibia,genbank,
NC_030445.1,Lepomis macrochirus,Lepomis macrochirus,Centrarchiformes,Actinopteri,genbank,
NC_043528.1,Sapajus xanthosternos,Sapajus xanthosternos,Primates,Mammalia,genbank,
NC_020881.1,Miniopterus fuliginosus,Miniopterus fuliginosus,Chiroptera,Mammalia,genbank,
NC_038503.1,Hipposideros pomona,Hipposideros pomona,Chiroptera,Mammalia,genbank,
NC_024443.1,Hipposideros cf. ruber,Hipposideros cf. ruber,Chiroptera,Mammalia,genbank,
NC_024445.1,Uroderma bilobatum,Uroderma bilobatum,Chiroptera,Mammalia,genbank,
NC_028129.1,Lagothrix lagotricha,Lagothrix lagotricha,Primates,Mammalia,https://dx.doi.org/10.1073%2Fpnas.95.10.5757,"Listed source is for the virus isolation, this isolate then sequenced in https://doi.org/10.1128/jvi.77.14.7814-7819.2003"
NC_027922.1,Catostomus commersonii,Catostomus commersonii,Cypriniformes,Actinopteri,genbank,
NC_001866.1,NA,NA,NA,NA,NA,
NC_038922.1,NA,NA,NA,NA,NA,
NC_001403.1,NA,NA,NA,NA,NA,
NC_001407.1,NA,NA,NA,NA,NA,
NC_001618.1,NA,NA,NA,NA,NA,
NC_008094.1,NA,NA,NA,NA,NA,
NC_039023.1,Otolemur crassicaudatus panganiensis,Otolemur crassicaudatus panganiensis,Primates,Mammalia,genbank,
NC_039085.1,Pongo pygmaeus pygmaeus,Pongo pygmaeus pygmaeus,Primates,Mammalia,genbank,
NC_039024.1,Homo sapiens,Homo sapiens,Primates,Mammalia,genbank,
LC094267.1,Macaca fascicularis,Macaca fascicularis,Primates,Mammalia,genbank,
NC_039025.1,Homo sapiens,Homo sapiens,Primates,Mammalia,genbank,
NC_043445.1,Homo sapiens,Homo sapiens,Primates,Mammalia,genbank,
NC_039027.1,Spider monkey,Ateles sp.,Primates,Mammalia,https://doi.org/10.1016/j.virol.2007.07.018,
NC_039028.1,squirrel monkey,squirrel monkey,Primates,Mammalia,genbank,
KF026286.1,NA,NA,NA,NA,NA,
NC_039029.1,Gorilla gorilla gorilla,Gorilla gorilla gorilla,Primates,Mammalia,genbank,
NC_039030.1,Callithrix jacchus,Callithrix jacchus,Primates,Mammalia,genbank,
NC_039031.1,Sapajus xanthosternos,Sapajus xanthosternos,Primates,Mammalia,genbank,
NC_005309.1,Canary,Canary,Passeriformes,Aves,genbank,
NC_002188.1,Quail,Quail,Galliformes,Aves,https://www.cabdirect.org/cabdirect/abstract/19206300135,
NC_024447.1,Columba livia,Columba livia,Columbiformes,Aves,genbank,
NC_028238.1,Meleagris gallopavo,Meleagris gallopavo,Galliformes,Aves,genbank,
NC_015960.1,Aedes simpsoni,Aedes simpsoni,Diptera,Insecta,https://doi.org/10.1128/jvi.00637-11,
NC_006966.1,mule deer,mule deer,Artiodactyla,Mammalia,genbank,
NC_008030.1,Nile crocodile,Nile crocodile,Crocodylia,Reptilia,genbank,
NC_031038.1,Mephitis mephitis,Mephitis mephitis,Carnivora,Mammalia,https://doi.org/10.1007/s11262-016-1388-9,
NC_030656.1,Pteropus scapulatus,Pteropus scapulatus,Chiroptera,Mammalia,genbank,
NC_023426.1,Anomala cuprea,Anomala cuprea,Coleoptera,Insecta,genbank,
NC_021247.1,Adoxophyes honmai,Adoxophyes honmai,Lepidoptera,Insecta,genbank,
NC_002520.1,Amsacta  moorei,Amsacta  moorei,Lepidoptera,Insecta,https://doi.org/10.1006/viro.2000.0449,
NC_021248.1,Choristoneura biennis,Choristoneura biennis,Lepidoptera,Insecta,genbank,
NC_021249.1,Choristoneura rosaceana,Choristoneura rosaceana,Lepidoptera,Insecta,genbank,
NC_021246.1,Mythimna separata,Mythimna separata,Lepidoptera,Insecta,genbank,
NC_001993.1,Melanoplus sanguinipes,Melanoplus sanguinipes,Orthoptera,Insecta,https://doi.org/10.1128/jvi.73.1.533-552.1999,
NC_035619.1,Odocoileus hemionus columbianus,Odocoileus hemionus columbianus,Artiodactyla,Mammalia,genbank,
NC_001813.1,NA,NA,NA,Aves,https://doi.org/10.1006/viro.1997.8815,
NC_024684.1,Heloderma horridum,Heloderma horridum,Squamata,Lepidosauria,genbank,
NC_025962.1,Amazona farinosa,Amazona farinosa,Psittaciformes,Aves,genbank,
NC_009989.1,corn snake,corn snake,Squamata,Reptilia,genbank,
NC_024486.1,Muscovy duck,Muscovy duck,Anseriformes,Aves,genbank,
NC_001720.1,Poultry,Poultry,Galliformes,Aves,https://www.ncbi.nlm.nih.gov/pmc/articles/PMC2327250/,
NC_021221.1,Gallus gallus,Gallus gallus,Galliformes,Aves,genbank,
NC_015323.1,Gallus gallus,Gallus gallus,Galliformes,Aves,genbank,
NC_000899.1,Poultry,Poultry,Galliformes,Aves,https://www.ncbi.nlm.nih.gov/pmc/articles/PMC2327250/,
NC_038332.1,Gallus gallus domesticus,Gallus gallus domesticus,Galliformes,Aves,genbank,
NC_017979.1,Anser anser domestica,Anser anser domestica,Anseriformes,Aves,genbank,
NC_024474.1,pigeon,pigeon,Columbiformes,Aves,genbank,
NC_031503.1,Columba livia,Columba livia,Columbiformes,Aves,genbank,
NC_039032.1,Poicephalus rufiventris,Poicephalus rufiventris,Psittaciformes,Aves,genbank,
NC_014564.2,Meleagris gallopavo,Meleagris gallopavo,Galliformes,Aves,genbank,
NC_022612.1,Meleagris gallopavo,Meleagris gallopavo,Galliformes,Aves,genbank,
NC_022613.1,Meleagris gallopavo,Meleagris gallopavo,Galliformes,Aves,genbank,
NC_016895.2,Myotis ricketti,Myotis ricketti,Chiroptera,Mammalia,genbank,
NC_015932.1,Pipistrellus pipistrellus,Pipistrellus pipistrellus,Chiroptera,Mammalia,genbank,
NC_029898.1,Rhinolophus sinicus,Rhinolophus sinicus,Chiroptera,Mammalia,genbank,
NC_030860.1,Miniopterus schreibersi,Miniopterus schreibersi,Chiroptera,Mammalia,genbank,
NC_030874.1,Miniopterus schreibersi,Miniopterus schreibersi,Chiroptera,Mammalia,genbank,
NC_034626.1,Rousettus leschenaultii,Rousettus leschenaultii,Chiroptera,Mammalia,genbank,
NC_031948.1,Corynorhinus rafinesquii,Corynorhinus rafinesquii,Chiroptera,Mammalia,genbank,
NC_034834.1,white-tailed deer,white-tailed deer,Artiodactyla,Mammalia,genbank,
NC_044960.1,Tursiops truncatus,Tursiops truncatus,Artiodactyla,Mammalia,https://doi.org/10.1016/j.meegid.2017.05.008,
NC_006879.1,Macaca fascicularis,Macaca fascicularis,Primates,Mammalia,https://doi.org/10.1177%2F030098588201907s05,
NC_012584.1,Apodemus agrarius,Apodemus agrarius,Rodentia,Mammalia,genbank,
NC_020487.1,Callicebus cupreus,Callicebus cupreus,Primates,Mammalia,https://doi.org/10.1371/journal.ppat.1002155,Also transmitted to humans (see source paper)
NC_024150.1,Zalophus californianus,Zalophus californianus,Carnivora,Mammalia,https://doi.org/10.1016/j.meegid.2015.01.024,
NC_006144.1,Macaca  mulatta,Macaca  mulatta,Primates,Mammalia,https://doi.org/10.1177%2F030098588201907s05,
NC_015225.1,Macaca cynomolgus,Macaca cynomolgus,Primates,Mammalia,genbank,
NC_021168.1,Papio hamadryas anubis,Papio hamadryas anubis,Primates,Mammalia,genbank,
NC_028103.1,Macaca sp.,Macaca,Primates,Mammalia,genbank,
NC_028105.1,Chlorocebus aethiops,Chlorocebus aethiops,Primates,Mammalia,genbank,
NC_022266.1,Cercopithecus aethiops,Cercopithecus aethiops,Primates,Mammalia,https://doi.org/10.1177%2F030098588201907s05,
NC_020485.1,Cercopithecus aethiops,Cercopithecus aethiops,Primates,Mammalia,https://doi.org/10.1177%2F030098588201907s05,
NC_025678.1,Macaca mulatta,Macaca mulatta,Primates,Mammalia,genbank,
NC_032105.1,Rhinopithecus roxellana,Rhinopithecus roxellana,Primates,Mammalia,genbank,
NC_027708.1,Conepatus leuconotus,Conepatus leuconotus,Carnivora,Mammalia,genbank,
NC_035207.1,Sciurus vulgaris,Sciurus vulgaris,Rodentia,Mammalia,genbank,
NC_002501.1,Rana pipiens,Rana pipiens,Anura,Amphibia,https://doi.org/10.1099/0022-1317-81-10-2431,
NC_030116.1,chinstrap penguin,chinstrap penguin,Sphenisciformes,Aves,genbank,
NC_015455.1,Parabuteo unicinctus,Parabuteo unicinctus,Accipitriformes,Aves,genbank,
NC_016437.1,Stercorarius maccormicki,Stercorarius maccormicki,Charadriiformes,Aves,genbank,
NC_001958.1,Turkey,Turkey,Galliformes,Aves,https://doi.org/10.1006/viro.1998.9336,
NC_002076.2,Homo sapiens,Homo sapiens,Primates,Mammalia,https://doi.org/10.1128/jvi.74.21.9980-9986.2000,
NC_014480.2,Pan troglodytes,Pan troglodytes,Primates,Mammalia,genbank,
NC_014081.1,Homo sapiens,Homo sapiens,Primates,Mammalia,https://doi.org/10.1099/0022-1317-83-5-979,
NC_014069.1,Chimpanzee,Chimpanzee,Primates,Mammalia,genbank,
NC_038336.1,Homo sapiens,Homo sapiens,Primates,Mammalia,https://doi.org/10.1002/jmv.2200,
NC_014094.1,Homo sapiens,Homo sapiens,Primates,Mammalia,genbank,
NC_014080.1,Homo sapiens,Homo sapiens,Primates,Mammalia,https://doi.org/10.1099/0022-1317-81-9-2273,
NC_014084.1,Homo sapiens,Homo sapiens,Primates,Mammalia,https://doi.org/10.1007/s007050170089,
NC_038337.1,Homo sapiens,Homo sapiens,Primates,Mammalia,genbank,
NC_014076.1,Homo sapiens,Homo sapiens,Primates,Mammalia,https://doi.org/10.1007/s705-002-8301-7,
NC_038338.1,Homo sapiens,Homo sapiens,Primates,Mammalia,https://doi.org/10.1002/jmv.2200,
NC_014075.1,Homo sapiens,Homo sapiens,Primates,Mammalia,https://doi.org/10.1007/s705-002-8301-7,
NC_038339.1,Homo sapiens,Homo sapiens,Primates,Mammalia,https://doi.org/10.1002/jmv.2200,
NC_014077.1,Pan troglodytes,Pan troglodytes,Primates,Mammalia,genbank,
NC_014096.1,Homo sapiens,Homo sapiens,Primates,Mammalia,https://doi.org/10.1007/s007050070075,
NC_014091.1,Homo sapiens,Homo sapiens,Primates,Mammalia,https://doi.org/10.1006/viro.1999.9769,
NC_043413.1,NA,NA,NA,NA,NA,
NC_043414.1,NA,NA,NA,NA,NA,
NC_014078.1,Homo sapiens,Homo sapiens,Primates,Mammalia,genbank,
NC_038340.1,Homo sapiens,Homo sapiens,Primates,Mammalia,https://doi.org/10.1006/viro.2001.1097,
NC_038341.1,Homo sapiens,Homo sapiens,Primates,Mammalia,https://doi.org/10.1002/jmv.2200,
NC_043415.1,NA,NA,NA,NA,NA,
NC_038342.1,Pan troglodytes,Pan troglodytes,Primates,Mammalia,genbank,
NC_038343.1,Homo sapiens,Homo sapiens,Primates,Mammalia,https://doi.org/10.1006/viro.2001.1097,
NC_014083.1,Japanese macaque,Japanese macaque,Primates,Mammalia,genbank,
NC_014079.1,Japanese macaque,Japanese macaque,Primates,Mammalia,genbank,
NC_014074.1,Homo sapiens,Homo sapiens,Primates,Mammalia,https://doi.org/10.1007/s705-002-8301-7,
NC_014073.1,Homo sapiens,Homo sapiens,Primates,Mammalia,https://doi.org/10.1007/s705-002-8301-7,
NC_038344.1,Homo sapiens,Homo sapiens,Primates,Mammalia,https://doi.org/10.1159/000025034,
NC_014097.1,Homo sapiens,Homo sapiens,Primates,Mammalia,genbank,
NC_014086.1,Homo sapiens,Homo sapiens,Primates,Mammalia,https://doi.org/10.1159/000025034,
NC_014088.1,Homo sapiens,Homo sapiens,Primates,Mammalia,https://doi.org/10.1159/000025034,
NC_014090.1,Chimpanzee,Chimpanzee,Primates,Mammalia,genbank,
NC_014089.1,Homo sapiens,Homo sapiens,Primates,Mammalia,genbank,
NC_014095.1,Homo sapiens,Homo sapiens,Primates,Mammalia,genbank,
NC_014082.1,Homo sapiens,Homo sapiens,Primates,Mammalia,https://doi.org/10.1159/000025034,
NC_014068.1,Homo sapiens,Homo sapiens,Primates,Mammalia,genbank,
NC_002195.1,Homo sapiens,Homo sapiens,Primates,Mammalia,https://doi.org/10.1159/000025034,
NC_038345.1,Homo sapiens,Homo sapiens,Primates,Mammalia,genbank,
NC_038346.1,Homo sapiens,Homo sapiens,Primates,Mammalia,genbank,
NC_038347.1,Homo sapiens,Homo sapiens,Primates,Mammalia,genbank,
NC_038348.1,Tupaia belangeri chinensis,Tupaia belangeri chinensis,Scandentia,Mammalia,genbank,
NC_014085.1,Cotton-top tamarin,Cotton-top tamarin,Primates,Mammalia,genbank,
NC_014072.1,cat,cat,Carnivora,Mammalia,genbank,
NC_038349.1,cat,cat,Carnivora,Mammalia,genbank,
NC_009225.1,Homo sapiens,Homo sapiens,Primates,Mammalia,genbank,
NC_014093.1,Homo sapiens,Homo sapiens,Primates,Mammalia,genbank,
NC_038350.1,Homo sapiens,Homo sapiens,Primates,Mammalia,genbank,
NC_038351.1,Homo sapiens,Homo sapiens,Primates,Mammalia,genbank,
NC_038352.1,Homo sapiens,Homo sapiens,Primates,Mammalia,genbank,
NC_038353.1,Homo sapiens,Homo sapiens,Primates,Mammalia,genbank,
NC_038354.1,Homo sapiens,Homo sapiens,Primates,Mammalia,genbank,
NC_038355.1,Homo sapiens,Homo sapiens,Primates,Mammalia,genbank,
NC_038356.1,Homo sapiens,Homo sapiens,Primates,Mammalia,genbank,
NC_038357.1,Homo sapiens,Homo sapiens,Primates,Mammalia,genbank,
NC_038358.1,Homo sapiens,Homo sapiens,Primates,Mammalia,genbank,
NC_038359.1,Homo sapiens,Homo sapiens,Primates,Mammalia,genbank,
NC_038360.1,Homo sapiens,Homo sapiens,Primates,Mammalia,genbank,
NC_038361.1,Homo sapiens,Homo sapiens,Primates,Mammalia,genbank,
NC_038362.1,chimpanzee serum,chimpanzee,Primates,Mammalia,genbank,
NC_001427.1,Gallus gallus,Gallus gallus,Galliformes,Aves,https://doi.org/10.1128/jvi.65.6.3131-3139.1991,
NC_014070.1,pig,pig,Artiodactyla,Mammalia,genbank,
NC_027059.1,swine,Sus scrofa,Artiodactyla,Mammalia,genbank,
NC_014092.2,swine,Sus scrofa,Artiodactyla,Mammalia,genbank,
NC_038363.1,Sus scrofa,Sus scrofa,Artiodactyla,Mammalia,genbank,
NC_015212.1,Phoca vitulina richardsi,Phoca vitulina richardsi,Carnivora,Mammalia,genbank,
NC_024891.1,Phoca vitulina,Phoca vitulina,Carnivora,Mammalia,genbank,
NC_024890.1,Phoca vitulina,Phoca vitulina,Carnivora,Mammalia,genbank,
KY246582.1,Leptonychotes weddellii,Leptonychotes weddellii,Carnivora,Mammalia,genbank,
NC_035135.1,Leptonychotes weddellii,Leptonychotes weddellii,Carnivora,Mammalia,genbank,
NC_012126.1,Zalophus californianus,Zalophus californianus,Carnivora,Mammalia,genbank,
NC_040668.1,Equus caballus,Equus caballus,Perissodactyla,Mammalia,genbank,
NC_026138.1,Phoca vitulina,Phoca vitulina,Carnivora,Mammalia,genbank,
NC_014071.1,dog,dog,Carnivora,Mammalia,genbank,
NC_014087.1,Douroucouli,Douroucouli,Primates,Mammalia,genbank,
