"viral.family","GenbankID","zoonotic","host.subtaxon5","vector.borne","vector","SeqName","Ref"
"Arenavirus","Allpahuayo virus","A","Rodent","0","none","NC_010253.1",""
"Arenavirus","Amapari virus","A","Rodent","0","none","NC_010247.1",""
"Arenavirus","Arenavirus H0030026","A","Rodent","0","none","GQ903697.1",""
"Arenavirus","Bear canyon virus","A","Rodent","0","none","NC_010256.1",""
"Arenavirus","Big brushy tank virus","A","Rodent","0","none","EF619036.1",""
"Arenavirus","Boa arenavirus","A","Reptile","0","none","NC_023761.1",""
"Arenavirus","Cardamones virus","A","Rodent","0","none","KC669694.1","https://elifesciences.org/content/5/e13135,http://onlinelibrary.wiley.com/doi/10.1111/1365-2664.12804/full"
"Arenavirus","CAS virus","A","Reptile","0","none","NC_018481.1",""
"Arenavirus","Catarina virus","A","Rodent","0","none","DQ865245.1",""
"Arenavirus","Chapare virus","Z","Rodent","0","none","NC_010562.1",""
"Arenavirus","Cupixi virus","A","Rodent","0","none","NC_010254.1",""
"Arenavirus","Dandenong virus","Z","Rodent","0","none","EU136038.1",""
"Arenavirus","Flexal virus","Z","Rodent","0","none","NC_010757.1",""
"Arenavirus","Gairo virus","A","Rodent","0","none","NC_026246.1",""
"Arenavirus","Gbagroube virus","A","Rodent","0","none","GU830848.1",""
"Arenavirus","Golden Gate virus","A","Reptile","0","none","NC_018483.1",""
"Arenavirus","Guanarito virus","Z","Rodent","0","none","NC_005077.1",""
"Arenavirus","Ippy virus","A","Rodent","0","none","NC_007905.1",""
"Arenavirus","Junin arenavirus","Z","Rodent","0","none","NC_005081.1",""
"Arenavirus","Lassa virus","Z","Rodent","0","none","NC_004296.1",""
"Arenavirus","Latino virus","A","Rodent","0","none","NC_010758.1",""
"Arenavirus","Loie River virus","A","Rodent","0","none","KC669698.1","http://onlinelibrary.wiley.com/doi/10.1111/1365-2664.12804/full"
"Arenavirus","Lujo virus","Z","Rodent","0","none","NC_012776.1",""
"Arenavirus","Luna virus","A","Rodent","0","none","NC_016152.1",""
"Arenavirus","Lunk virus NKS-1","A","Rodent","0","none","NC_018710.1",""
"Arenavirus","Lymphocytic choriomeningitis virus","Z","Rodent","0","none","NC_004294.1",""
"Arenavirus","Machupo virus","Z","Rodent","0","none","NC_005078.1",""
"Arenavirus","Menekre virus","A","Rodent","0","none","GU830862.1",""
"Arenavirus","Merino Walk virus","A","Rodent","0","none","NC_023764.1",""
"Arenavirus","Mobala virus","A","Rodent","0","none","NC_007903.1",""
"Arenavirus","Mopeia virus","A","Rodent","0","none","NC_006575.1",""
"Arenavirus","Morogoro virus","A","Rodent","0","none","NC_013057.1",""
"Arenavirus","Ocozocoautla de Espinosa virus","Z","Rodent","0","none","JN897398.1",""
"Arenavirus","Oliveros virus","A","Rodent","0","none","NC_010248.1",""
"Arenavirus","Parana virus","A","Rodent","0","none","NC_010756.1",""
"Arenavirus","Pichinde arenavirus","A","Rodent","0","none","NC_006447.1",""
"Arenavirus","Pirital virus","A","Rodent","0","none","NC_005894.1",""
"Arenavirus","Sabia virus","Z","Rodent","0","none","NC_006317.1",""
"Arenavirus","Skinner Tank virus","A","Rodent","0","none","EU123328.1",""
"Arenavirus","Tacaribe virus","A","Vespbat","0","none","NC_004293.1",""
"Arenavirus","Tamiami virus","A","Rodent","0","none","NC_010701.1",""
"Arenavirus","Tonto creek virus","A","Rodent","0","none","EF619034.1",""
"Arenavirus","University of Helsinki virus","A","Reptile","0","none","NC_023766.1",""
"Arenavirus","Wenzhou virus","A","Rodent","0","none","KM386660.1",""
"Arenavirus","Whitewater arroyo virus","Z","Rodent","0","none","NC_010700.1",""
"Bunyavirus","Andes virus","Z","Rodent","0","none","NC_003466.1",""
"Bunyavirus","Dobrava-Belgrade virus","Z","Rodent","0","none","NC_005233.1",""
"Bunyavirus","Hantaan virus","Z","Rodent","0","none","NC_005218.1",""
"Bunyavirus","Puumala virus","Z","Rodent","0","none","KJ994776.1",""
"Bunyavirus","Seoul virus","Z","Rodent","0","none","NC_005236.1",""
"Bunyavirus","Sin Nombre virus","Z","Rodent","0","none","NC_005216.1",""
"Bunyavirus","Thottapalayam virus","A","Soricomorph","0","none","NC_010704.1",""
"Bunyavirus","Tula virus","Z","Rodent","0","none","NC_005227.2",""
"Bunyavirus","Crimean-Congo hemorrhagic fever virus","Z","Orphan","1","tick","NC_005302.1",""
"Bunyavirus","Dugbe virus","Z","Artiodactyl","1","tick","NC_004157.1",""
"Bunyavirus","Leopards Hill virus","A","Pterobat","0","none","NC_025833.1","http://www.nature.com/ncomms/2014/141202/ncomms6651/full/ncomms6651.html"
"Bunyavirus","Akabane virus","A","Artiodactyl","1","midge","NC_009896.1","http://www.ncbi.nlm.nih.gov/pmc/articles/PMC2230091/pdf/molmed00033-0010.pdf"
"Bunyavirus","Oropouche virus","Z","Orphan","1","midge","NC_005777.1","http://www.ncbi.nlm.nih.gov/pmc/articles/PMC2230091/pdf/molmed00033-0010.pdf"
"Bunyavirus","Bunyamwera virus","Z","Orphan","1","mosquito","NC_001927.1",""
"Bunyavirus","La Crosse Virus","Z","Rodent","1","mosquito","NC_004110.1",""
"Bunyavirus","Brazoran virus","A","Orphan","1","mosquito","NC_022037.1","http://www.sciencedirect.com/science/article/pii/S0042682213003127"
"Bunyavirus","Murrumbidgee virus","A","Orphan","1","mosquito","NC_022597.1","http://www.sciencedirect.com/science/article/pii/S004268221300559X"
"Bunyavirus","Rift Valley fever virus","Z","Artiodactyl","1","mosquito","NC_014395.1",""
"Bunyavirus","Sandfly fever Naples virus","Z","Orphan","1","sandfly","NC_006318.1",""
"Bunyavirus","Uukuniemi virus","Z","Orphan","1","tick","NC_005221.1","Elliott, Richard M., ed. The bunyaviridae. Springer Science & Business Media, 2013."
"Bunyavirus","Candiru virus","Z","Orphan","1","unknown","NC_015375.1","http://jvi.asm.org/content/85/8/3811.short"
"Bunyavirus","Arumowot virus","A","Rodent","1","mosquito","NC_023634.1",""
"Bunyavirus","Aguacate virus","A","Orphan","1","sandfly","NC_015452.1",""
"Bunyavirus","Sandfly fever Sicilian virus","Z","Primate","1","sandfly","NC_015413.1","http://www.ncbi.nlm.nih.gov/pubmed/25266349"
"Bunyavirus","Heartland virus","Z","Orphan","1","tick","NC_024496.1",""
"Bunyavirus","Severe fever with thrombocytopenia syndrome virus","Z","Orphan","1","tick","NC_018137.1",""
"Bunyavirus","Bean necrotic mosaic virus","A","Plant","1","thrip","NC_018071.1",""
"Bunyavirus","Capsicum chlorosis virus","A","Plant","1","thrip","NC_008301.1",""
"Bunyavirus","Groundnut bud necrosis virus","A","Plant","1","thrip","NC_003619.1",""
"Bunyavirus","Impatiens necrotic spot virus","A","Plant","1","thrip","NC_003624.1",""
"Bunyavirus","Melon yellow spot virus","A","Plant","1","thrip","NC_008300.1",""
"Bunyavirus","Tomato spotted wilt virus","A","Plant","1","thrip","NC_002051.1",""
"Bunyavirus","Tomato zonate spot virus","A","Plant","1","thrip","NC_010489.1",""
"Bunyavirus","Watermelon silver mottle virus","A","Plant","1","thrip","NC_003843.1",""
"Bunyavirus","Maprik virus","A","Orphan","1","mosquito","NC_026282.1","http://journals.plos.org/plosone/article?id=10.1371/journal.pone.0116561"
"Bunyavirus","Mulberry vein banding virus","A","Plant","1","thrip","NC_026619.1",""
"Bunyavirus","Lone Star virus","A","Orphan","1","tick","NC_021244.1","http://journals.plos.org/plosone/article?id=10.1371/journal.pone.0062083"
"Bunyavirus","Malsoor virus","A","Pterobat","?","unknown","KF186496.1",""
"Bunyavirus","Ferak virus","A","Insect","0","mosquito","KP710267.1",""
"Bunyavirus","Gouleako virus","A","Insect","0","mosquito","HQ541736.1",""
"Bunyavirus","Herbert virus","A","Insect","0","mosquito","KF590584.1",""
"Bunyavirus","Jonchet virus","A","Insect","0","mosquito","KP710243.1",""
"Calicivirus","Bat sapovirus TLC58 HK","A","Pterobat","0","none","NC_017936.1",NA
"Calicivirus","Calicivirus isolate TCG","A","Artiodactyl","0","none","NC_006875.1",NA
"Calicivirus","Norovirus GIII","A","Artiodactyl","0","none","NC_029645.1",NA
"Calicivirus","Newbury-1 virus","A","Artiodactyl","0","none","NC_007916.1",NA
"Calicivirus","San Miguel sea lion virus 1","A","Carnivore","0","none","U15301.2",NA
"Calicivirus","Canine calicivirus","A","Carnivore","0","none","NC_004542.1",NA
"Calicivirus","Walrus calicivirus","A","Carnivore","0","none","NC_004541.1",NA
"Calicivirus","Mink calicivirus","A","Carnivore","0","none","NC_019712.1",NA
"Calicivirus","Steller sea lion vesivirus","A","Carnivore","0","none","NC_011050.1",NA
"Calicivirus","Norovirus GIV.1","Z","Carnivore","0","none","JQ613567.1",NA
"Calicivirus","San Miguel sea lion virus 8","A","Carnivore","0","none","NC_025676.1",NA
"Calicivirus","Vesivirus ferret badger","A","Carnivore","0","none","NC_027122.1",NA
"Calicivirus","Feline calicivirus","A","Carnivore","0","none","NC_001481.2",NA
"Calicivirus","Norovirus GIV.2","A","Carnivore","0","none","JF781268.1",NA
"Calicivirus","Atlantic salmon calicivirus","A","Fish","0","none","NC_024031.1",NA
"Calicivirus","Turkey calicivirus","A","Galloanserae","0","none","JQ347522.1",NA
"Calicivirus","Chicken calicivirus","A","Galloanserae","0","none","KM254171.1",NA
"Calicivirus","Goose calicivirus","A","Galloanserae","0","none","NC_024078.1",NA
"Calicivirus","Rabbit hemorrhagic disease virus","A","Lagomorph","0","none","NC_001543.1",NA
"Calicivirus","European brown hare syndrome virus","A","Lagomorph","0","none","NC_002615.1",NA
"Calicivirus","Rabbit vesivirus","A","Lagomorph","0","none","NC_008580.1",NA
"Calicivirus","Rabbit calicivirus","A","Lagomorph","0","none","NC_011704.1",NA
"Calicivirus","Norwalk virus","H","Primate","0","none","AF504671.2",NA
"Calicivirus","Norovirus GI","H","Primate","0","none","NC_001959.2",NA
"Calicivirus","Norovirus GII","H","Primate","0","none","NC_029646.1",NA
"Calicivirus","Tulane virus","A","Primate","0","none","EU391643.1",NA
"Calicivirus","Sapovirus GII","H","Primate","0","none","NC_006554.1",NA
"Calicivirus","Sapovirus GIV","H","Primate","0","none","AJ786349.2",NA
"Calicivirus","Sapovirus GV","H","Primate","0","none","KX000383.1",NA
"Calicivirus","Reptile vesivirus","A","Reptile","0","none","JX047864.1",NA
"Calicivirus","Murine norovirus","A","Rodent","0","none","JF320650.1",NA
"Calicivirus","Norovirus GV","A","Rodent","0","none","NC_008311.1",NA
"Calicivirus","Vesicular exanthema of swine virus","A","Artiodactyl","0","none","NC_002551.1",NA
"Calicivirus","Porcine enteric calicivirus","A","Artiodactyl","0","none","NC_000940.1",NA
"Calicivirus","Calicivirus pig AB90","A","Artiodactyl","0","none","NC_012699.1",NA
"Calicivirus","St. Valerien swine virus","A","Artiodactyl","0","none","AB863586.1",NA
"Coronavirus","Human SARS coronavirus","Z","Pterobat","0","none","NC_004718.3",NA
"Coronavirus","Bat coronavirus 133","A","Vespbat","0","none","DQ648794.1",NA
"Coronavirus","Bat coronavirus 1A","A","Vespbat","0","none","NC_010437.1",NA
"Coronavirus","Bat coronavirus 1B","A","Vespbat","0","none","EU420137.1",NA
"Coronavirus","Rhinolophus bat coronavirus HKU2","A","Pterobat","0","none","NC_009988.1",NA
"Coronavirus","Bat coronavirus 512","A","Vespbat","0","none","NC_009657.1",NA
"Coronavirus","Miniopterus bat coronavirus HKU8","A","Vespbat","0","none","NC_010438.1",NA
"Coronavirus","Bat coronavirus HKU9","A","Pterobat","0","none","NC_009021.1",NA
"Coronavirus","Bat coronavirus HKU4","A","Vespbat","0","none","NC_009019.1",NA
"Coronavirus","Bat coronavirus HKU5","A","Vespbat","0","none","NC_009020.1",NA
"Coronavirus","Bat coronavirus BM48-31","A","Pterobat","0","none","NC_014470.1",NA
"Coronavirus","Bat coronavirus HKU10","A","Pterobat","0","none","NC_018871.1",NA
"Coronavirus","Bat coronavirus CDPHE15","A","Vespbat","0","none","NC_022103.1",NA
"Coronavirus","Bovine enteritic coronavirus","A","Artiodactyl","0","none","NC_003045.1",NA
"Coronavirus","Breda virus","A","Artiodactyl","0","none","NC_007447.1",NA
"Coronavirus","Bovine respiratory coronavirus AH187","A","Artiodactyl","0","none","FJ938065.1",NA
"Coronavirus","Canine coronavirus","A","Carnivore","0","none","KC175340.1",NA
"Coronavirus","Alphacoronavirus 2","A","Carnivore","0","none","HM245926.1",NA
"Coronavirus","Feline coronavirus","A","Carnivore","0","none","NC_002306.3",NA
"Coronavirus","Betacoronavirus Erinaceus","A","Erinaceidae","0","none","NC_022643.1",NA
"Coronavirus","White bream virus","A","Fish","0","none","NC_008516.1",NA
"Coronavirus","Infectious bronchitis virus","A","Galloanserae","0","none","NC_001451.1",NA
"Coronavirus","Turkey enteric coronavirus","A","Galloanserae","0","none","NC_010800.1",NA
"Coronavirus","Wigeon coronavirus HKU20","A","Galloanserae","0","none","NC_016995.1",NA
"Coronavirus","Rabbit coronavirus HKU14","A","Lagomorph","0","none","NC_017083.1",NA
"Coronavirus","Common-moorhen coronavirus HKU21","A","Neoaves","0","none","NC_016996.1",NA
"Coronavirus","Magpie-robin coronavirus HKU18","A","Neoaves","0","none","NC_016993.1",NA
"Coronavirus","Night-heron coronavirus HKU19","A","Neoaves","0","none","NC_016994.1",NA
"Coronavirus","Sparrow coronavirus HKU17","A","Neoaves","0","none","NC_016992.1",NA
"Coronavirus","White-eye coronavirus HKU16","A","Neoaves","0","none","NC_016991.1",NA
"Coronavirus","Munia coronavirus HKU13","A","Neoaves","0","none","NC_011550.1",NA
"Coronavirus","Thrush coronavirus HKU12","A","Neoaves","0","none","NC_011549.1",NA
"Coronavirus","Human enteric coronavirus strain 4408","Z","Orphan","0","none","FJ938067.1",NA
"Coronavirus","Beluga Whale coronavirus SW1","A","Orphan","0","none","NC_010646.1",NA
"Coronavirus","Middle East respiratory syndrome coronavirus_2012","Z","Orphan","0","none","NC_019843.3",NA
"Coronavirus","Bat Hp-betacoronavirus","A","Orphan","0","none","NC_025217.1",NA
"Coronavirus","Equine coronavirus","A","Perissodactyla","0","none","LC061274.1",NA
"Coronavirus","Human coronavirus 229E","H","Primate","0","none","NC_002645.1",NA
"Coronavirus","Human coronavirus OC43","H","Primate","0","none","KX344031.1",NA
"Coronavirus","Human coronavirus NL63","H","Primate","0","none","NC_005831.2",NA
"Coronavirus","Human coronavirus HKU1","H","Primate","0","none","NC_006577.2",NA
"Coronavirus","Murine hepatitis virus","A","Rodent","0","none","NC_001846.1",NA
"Coronavirus","Rat coronavirus","A","Rodent","0","none","NC_012936.1",NA
"Coronavirus","Betacoronavirus HKU24","A","Rodent","0","none","NC_026011.1",NA
"Coronavirus","Porcine epidemic diarrhea virus","A","Artiodactyl","0","none","NC_003436.1",NA
"Coronavirus","Porcine hemagglutinating encephalomyelitis virus","A","Artiodactyl","0","none","DQ011855.1",NA
"Coronavirus","Porcine torovirus","A","Artiodactyl","0","none","NC_022787.1",NA
"Coronavirus","Porcine coronavirus HKU15","A","Artiodactyl","0","none","NC_016990.2",NA
"Filovirus","Marburg marburgvirus","Z","Pterobat","0","none","NC_001608.3","http://journals.plos.org/plospathogens/article?id=10.1371/journal.ppat.1000536"
"Filovirus","Zaire ebolavirus","Z","Pterobat","0","none","NC_002549.1","http://www.nature.com/nature/journal/v438/n7068/abs/438575a.html"
"Filovirus","Reston ebolavirus","A","Orphan","0","none","NC_004161.1","http://science.sciencemag.org/content/325/5937/204, https://virologyj.biomedcentral.com/articles/10.1186/s12985-015-0331-3, https://www.ncbi.nlm.nih.gov/pmc/articles/PMC3381561/"
"Filovirus","Sudan ebolavirus","Z","Orphan","0","none","NC_006432.1","http://www.sciencedirect.com/science/article/pii/S0966842X07001503"
"Filovirus","Tai Forest ebolavirus","Z","Orphan","0","none","NC_014372.1","http://www.mdpi.com/1999-4915/6/4/1759/htm"
"Filovirus","Bundibugyo virus","Z","Orphan","0","none","NC_014373.1","http://www.sciencedirect.com/science/article/pii/S0042682213002237"
"Filovirus","Lloviu cuevavirus","A","Vespbat","0","none","NC_016144.1","http://jvi.asm.org/content/88/1/99.short"
"Flavivirus","Pronghorn antelope pestivirus","A","Artiodactyl","0","none","NC_024018.2","http://www.sciencedirect.com/science/article/pii/S016817020400351X"
"Flavivirus","Entebbe bat virus","A","Vespbat","?","unknown","NC_008718.1","http://jgv.microbiologyresearch.org/content/journal/jgv/10.1099/0022-1317-82-8-1867#tab2"
"Flavivirus","Sokoluk virus","A","Vespbat","?","unknown","NC_026624.1","http://www.sciencedirect.com/science/article/pii/S0065352703590017"
"Flavivirus","Yokose virus","A","Vespbat","?","unknown","NC_005039.1","http://jgv.microbiologyresearch.org/content/journal/jgv/10.1099/0022-1317-82-8-1867#tab2"
"Flavivirus","Montana myotis leukoencephalitis virus","A","Vespbat","0","none","NC_004119.1","http://jgv.microbiologyresearch.org/content/journal/jgv/10.1099/0022-1317-82-8-1867#tab2"
"Flavivirus","Rio Bravo virus","Z","Vespbat","0","none","NC_003675.1","http://jgv.microbiologyresearch.org/content/journal/jgv/10.1099/0022-1317-82-8-1867#tab2"
"Flavivirus","Tamana bat virus","A","Vespbat","0","none","NC_003996.1","http://www.ajtmh.org/content/31/6/1273.long"
"Flavivirus","Pestivirus Burdur","A","Artiodactyl","?","unknown","KM408491.1","http://jvi.asm.org/content/86/20/11412.short"
"Flavivirus","Sepik virus","Z","Artiodactyl","1","mosquito","NC_008719.1","Calisher, Charles H., and Ernest A. Gould. \"Taxonomy of the virus family Flaviviridae.\"ï_ê‘_ï_ê‘__Advances in virus researchï_ê‘_ï_ê‘__59 (2003): 1-20."
"Flavivirus","Louping ill virus","Z","Artiodactyl","1","tick","NC_001809.1","Calisher, Charles H., and Ernest A. Gould. \"Taxonomy of the virus family Flaviviridae.\"ï_ê‘_ï_ê‘__Advances in virus researchï_ê‘_ï_ê‘__59 (2003): 1-20."
"Flavivirus","Border disease virus","A","Artiodactyl","0","none","NC_003679.1","http://jvi.asm.org/content/72/6/5165.short"
"Flavivirus","Bovine hepacivirus","A","Artiodactyl","0","none","NC_026797.1","http://jvi.asm.org/content/89/14/7007.short"
"Flavivirus","Bovine viral diarrhea virus 1","A","Artiodactyl","0","none","NC_001461.1","Fields virology"
"Flavivirus","Bovine viral diarrhea virus 2","A","Artiodactyl","0","none","NC_002032.1","Fields virology"
"Flavivirus","Bovine viral diarrhea virus 3","A","Artiodactyl","0","none","NC_012812.1","http://www.sciencedirect.com/science/article/pii/S0378113509001102"
"Flavivirus","Pestivirus strain Aydin/04-TR","A","Artiodactyl","0","none","NC_018713.1","http://jvi.asm.org/content/86/20/11412.short"
"Flavivirus","Kokobera virus","Z","Diprotodontia","1","mosquito","NC_032088.1","http://www.sciencedirect.com/science/article/pii/S016817020000143X"
"Flavivirus","Bagaza virus","Z","Galloanserae","1","mosquito","NC_012534.1","http://jgv.microbiologyresearch.org/content/journal/jgv/10.1099/0022-1317-82-8-1867#tab2, Woolhouse 2013"
"Flavivirus","Pestivirus Giraffe-1","A","Artiodactyl","0","none","NC_003678.1","van Regenmortel, M. H. V., Fauquet, C. M., Bishop, D. H. L. & 8 other editorsï_ê‘_ï_ê‘__(ï_ê‘_ï_ê‘__2000ï_ê‘_ï_ê‘__).ï_ê‘_ï_ê‘__Virus Taxonomy: Seventh Report of the International Committee on Taxonomy of Viruses. San Diego, CA: Academic Press."
"Flavivirus","Aedes flavivirus","A","Insect","0","mosquito","NC_012932.1","http://www.sciencedirect.com/science/article/pii/S0042682209003687"
"Flavivirus","Cell fusing agent virus","A","Insect","0","mosquito","NC_001564.2","http://jgv.microbiologyresearch.org/content/journal/jgv/10.1099/vir.0.81475-0;jsessionid=5bh25j0dguk70.x-sgm-live-02#tab2"
"Flavivirus","Chaoyang virus","A","Insect","0","mosquito","NC_017086.1","http://jme.oxfordjournals.org/content/51/2/464.long"
"Flavivirus","Culex flavivirus","A","Insect","0","mosquito","NC_008604.2","http://jme.oxfordjournals.org/content/51/2/464.long"
"Flavivirus","Donggang virus","A","Insect","0","mosquito","NC_016997.1",""
"Flavivirus","Kamiti River virus","A","Insect","0","mosquito","NC_005064.1","https://jinsectscience.oxfordjournals.org/content/7/1/55"
"Flavivirus","Mercadeo virus","A","Insect","0","mosquito","NC_027819.1","http://www.ncbi.nlm.nih.gov/pubmed/26304915"
"Flavivirus","Mosquito flavivirus","A","Insect","0","mosquito","NC_021069.1","http://www.sciencedirect.com/science/article/pii/S0168170213004346"
"Flavivirus","Parramatta River virus","A","Insect","0","mosquito","NC_027817.1","http://www.sciencedirect.com/science/article/pii/S0042682215003402"
"Flavivirus","Quang Binh virus","A","Insect","0","mosquito","NC_012671.1","http://link.springer.com/article/10.1007/s00705-009-0373-1"
"Flavivirus","Paraiso Escondido virus","A","Insect","0","sandfly","NC_027999.1","http://jvi.asm.org/content/89/23/11773.full"
"Flavivirus","Ilheus virus","Z","Neoaves","1","mosquito","NC_009028.2","http://jgv.microbiologyresearch.org/content/journal/jgv/10.1099/0022-1317-82-8-1867#tab2, Woolhouse 2013"
"Flavivirus","Japanese encephalitis virus","Z","Neoaves","1","mosquito","NC_001437.1","http://jgv.microbiologyresearch.org/content/journal/jgv/10.1099/0022-1317-82-8-1867#tab2"
"Flavivirus","Murray Valley encephalitis virus","Z","Neoaves","1","mosquito","NC_000943.1","http://jgv.microbiologyresearch.org/content/journal/jgv/10.1099/0022-1317-82-8-1867#tab2"
"Flavivirus","St. Louis encephalitis virus","Z","Neoaves","1","mosquito","NC_007580.2","http://jgv.microbiologyresearch.org/content/journal/jgv/10.1099/0022-1317-82-8-1867#tab2"
"Flavivirus","Usutu virus","Z","Neoaves","1","mosquito","NC_006551.1","http://jgv.microbiologyresearch.org/content/journal/jgv/10.1099/0022-1317-82-8-1867#tab2"
"Flavivirus","West Nile virus","Z","Neoaves","1","mosquito","NC_001563.2","http://jgv.microbiologyresearch.org/content/journal/jgv/10.1099/0022-1317-82-8-1867#tab2"
"Flavivirus","Kama virus","A","Neoaves","1","tick","NC_023439.1","http://europepmc.org/abstract/med/9606874"
"Flavivirus","Tyuleniy virus","A","Neoaves","1","tick","NC_023424.1","http://jgv.microbiologyresearch.org/content/journal/jgv/10.1099/0022-1317-82-8-1867#tab2, http://download.springer.com/static/pdf/577/art%253A10.1007%252FBF01249663.pdf?originUrl=http%3A%2F%2Flink.springer.com%2Farticle%2F10.1007%2FBF01249663&token2=exp=1471537496~acl=%2Fstatic%2Fpdf%2F577%2Fart%25253A10.1007%25252FBF01249663.pdf%3ForiginUrl%3Dhttp%253A%252F%252Flink.springer.com%252Farticle%252F10.1007%252FBF01249663*~hmac=6191e0f13aaa17d9c59b29ee2203d90d6403d23c0973f8d5b41591e98d81f939"
"Flavivirus","Alkhumra hemorrhagic fever virus","Z","Orphan","1","tick","NC_004355.1","http://www.sciencedirect.com/science/article/pii/S0163445304002750, https://www.ncbi.nlm.nih.gov/pmc/articles/PMC2725816/"
"Flavivirus","Cacipacore virus","Z","Orphan","?","unknown","NC_026623.1","http://www.ncbi.nlm.nih.gov/pubmed/21860907, http://www.scielo.br/scielo.php?pid=S0037-86822011000400028&script=sci_arttext"
"Flavivirus","Kedougou virus","?","Orphan","1","mosquito","NC_012533.1","http://download.springer.com/static/pdf/4/art%253A10.1007%252Fs00705-006-0903-z.pdf?originUrl=http%3A%2F%2Flink.springer.com%2Farticle%2F10.1007%2Fs00705-006-0903-z&token2=exp=1471537289~acl=%2Fstatic%2Fpdf%2F4%2Fart%25253A10.1007%25252Fs00705-006-0903-z.pdf%3ForiginUrl%3Dhttp%253A%252F%252Flink.springer.com%252Farticle%252F10.1007%252Fs00705-006-0903-z*~hmac=6936f7c2dda5a9733214dced840a08cbf905bbaf06cebee284908105b0987077"
"Flavivirus","Ntaya virus","Z","Orphan","1","mosquito","NC_018705.3","http://jgv.microbiologyresearch.org/content/journal/jgv/10.1099/0022-1317-82-8-1867#tab2, Woolhouse 2013"
"Flavivirus","Spondweni virus","Z","Orphan","1","mosquito","NC_029055.1","http://www.sciencedirect.com/science/article/pii/S0140673682915112"
"Flavivirus","Tembusu virus","Z","Orphan","1","mosquito","NC_015843.2","http://jgv.microbiologyresearch.org/content/journal/jgv/10.1099/0022-1317-82-8-1867#tab2, Woolhouse 2013"
"Flavivirus","Wesselsbron virus","Z","Orphan","1","mosquito","NC_012735.1","Calisher, Charles H., and Ernest A. Gould. \"Taxonomy of the virus family Flaviviridae.\"ï_ê‘_ï_ê‘__Advances in virus researchï_ê‘_ï_ê‘__59 (2003): 1-20."
"Flavivirus","Zika virus","Z","Orphan","1","mosquito","NC_012532.1","http://www.ncbi.nlm.nih.gov/pmc/articles/PMC4593454/"
"Flavivirus","Karshi virus","A","Orphan","1","tick","NC_006947.1","Calisher, Charles H., and Ernest A. Gould. \"Taxonomy of the virus family Flaviviridae.\"ï_ê‘_ï_ê‘__Advances in virus researchï_ê‘_ï_ê‘__59 (2003): 1-20."
"Flavivirus","Langat virus","Z","Orphan","1","tick","NC_003690.1","http://jgv.microbiologyresearch.org/content/journal/jgv/10.1099/0022-1317-82-8-1867#tab2"
"Flavivirus","Royal Farm virus","A","Orphan","1","tick","DQ235149.1","Calisher, Charles H., and Ernest A. Gould. \"Taxonomy of the virus family Flaviviridae.\"ï_ê‘_ï_ê‘__Advances in virus researchï_ê‘_ï_ê‘__59 (2003): 1-20."
"Flavivirus","Spanish goat encephalitis virus","A","Orphan","1","tick","NC_027709.1","http://www.sciencedirect.com/science/article/pii/0034528895900810"
"Flavivirus","Porcine pestivirus isolate Bungowannah","","Orphan","0","none","NC_023176.1","http://www.sciencedirect.com/science/article/pii/S0168170207001591"
"Flavivirus","Equine hepacivirus JPN3/JAPAN/2013","A","Perissodactyla","0","none","NC_024889.1","http://jvi.asm.org/content/86/11/6171.abstract?ijkey=292ab7bd4836f9cd3c6fcc28c511317ec46355d2&keytype2=tf_ipsecsha"
"Flavivirus","Equine pegivirus 1","A","Perissodactyla","0","none","NC_020902.1","http://www.ncbi.nlm.nih.gov/pubmed/21084497"
"Flavivirus","Dengue virus 1","Z","Primate","1","mosquito","NC_001477.1","http://jgv.microbiologyresearch.org/content/journal/jgv/10.1099/0022-1317-82-8-1867#tab2"
"Flavivirus","Dengue virus 2","Z","Primate","1","mosquito","NC_001474.2","http://jgv.microbiologyresearch.org/content/journal/jgv/10.1099/0022-1317-82-8-1867#tab2"
"Flavivirus","Dengue virus 3","Z","Primate","1","mosquito","NC_001475.2","http://jgv.microbiologyresearch.org/content/journal/jgv/10.1099/0022-1317-82-8-1867#tab2"
"Flavivirus","Dengue virus 4","Z","Primate","1","mosquito","NC_002640.1","http://jgv.microbiologyresearch.org/content/journal/jgv/10.1099/0022-1317-82-8-1867#tab2"
"Flavivirus","Yellow fever virus","Z","Primate","1","mosquito","NC_002031.1","http://jgv.microbiologyresearch.org/content/journal/jgv/10.1099/0022-1317-82-8-1867#tab2"
"Flavivirus","Kyasanur forest disease virus","Z","Primate","1","tick","JF416960.1","Calisher, Charles H., and Ernest A. Gould. \"Taxonomy of the virus family Flaviviridae.\"ï_ê‘_ï_ê‘__Advances in virus researchï_ê‘_ï_ê‘__59 (2003): 1-20."
"Flavivirus","GB virus C","H","Primate","0","none","NC_001710.1","http://www.ncbi.nlm.nih.gov/pubmed/21084497"
"Flavivirus","Hepatitis C virus","H","Primate","0","none","NC_004102.1","Fields virology"
"Flavivirus","Human pegivirus 2","H","Primate","0","none","NC_027998.2","http://journals.plos.org/plospathogens/article?id=10.1371/journal.ppat.1005325"
"Flavivirus","Pegivirus A","A","Primate","0","none","NC_001837.1","http://www.ncbi.nlm.nih.gov/pubmed/21084497"
"Flavivirus","Simian pegivirus","A","Primate","0","none","NC_024377.1","http://www.ncbi.nlm.nih.gov/pubmed/21084497"
"Flavivirus","Aroa virus","Z","Rodent","1","unknown","NC_009026.2","http://jgv.microbiologyresearch.org/content/journal/jgv/10.1099/0022-1317-82-8-1867#tab2, Woolhouse 2013"
"Flavivirus","Omsk hemorrhagic fever virus","Z","Rodent","1","tick","NC_005062.1","http://jgv.microbiologyresearch.org/content/journal/jgv/10.1099/0022-1317-82-8-1867#tab2"
"Flavivirus","Powassan virus","Z","Rodent","1","tick","NC_003687.1","Calisher, Charles H., and Ernest A. Gould. \"Taxonomy of the virus family Flaviviridae.\"ï_ê‘_ï_ê‘__Advances in virus researchï_ê‘_ï_ê‘__59 (2003): 1-20."
"Flavivirus","Tick-borne encephalitis virus","Z","Rodent","1","tick","NC_001672.1","http://jgv.microbiologyresearch.org/content/journal/jgv/10.1099/0022-1317-82-8-1867#tab2"
"Flavivirus","Apoi virus","","Rodent","0","none","NC_003676.1","Karabatsos, N. (1995). International Catalogue of Arboviruses including Certain Other Viruses of Vertebrates. San Antonio/Fort Collins: American Society of Tropical Medicine and Hygiene, http://jgv.microbiologyresearch.org/content/journal/jgv/10.1099/0022-1317-81-3-781#R15"
"Flavivirus","Jutiapa virus","","Rodent","0","none","NC_026620.1","http://jgv.microbiologyresearch.org/content/journal/jgv/10.1099/0022-1317-82-8-1867#tab2"
"Flavivirus","Modoc virus","A","Rodent","0","none","NC_003635.1","http://www.ajtmh.org/content/88/3/455.long"
"Flavivirus","Norway rat hepacivirus 1","A","Rodent","0","none","NC_025672.1","http://mbio.asm.org/content/5/5/e01933-14.full"
"Flavivirus","Norway rat hepacivirus 2","A","Rodent","0","none","NC_025673.1","http://mbio.asm.org/content/5/5/e01933-14.full"
"Flavivirus","Norway rat pegivirus","A","Rodent","0","none","NC_025679.1","http://mbio.asm.org/content/5/5/e01933-14.full"
"Flavivirus","Norway rat pestivirus","A","Rodent","0","none","NC_025677.1","http://mbio.asm.org/content/5/5/e01933-14.full"
"Flavivirus","Rodent hepacivirus","A","Rodent","0","none","NC_021153.1","http://mbio.asm.org/content/4/2/e00216-13.full"
"Flavivirus","Rodent pegivirus","A","Rodent","0","none","NC_021154.1","http://mbio.asm.org/content/4/2/e00216-13.full"
"Flavivirus","Classical swine fever virus","A","Artiodactyl","0","none","NC_002657.1","Fields virology"
"Hepevirus","Hepatitis E virus, GT4","Z","Artiodactyl","0","none","AB097811.1","http://onlinelibrary.wiley.com/doi/10.1002/rmv.482/full"
"Hepevirus","Hepatitis E virus, GT3","Z","Artiodactyl","0","none","EU375463.1","http://onlinelibrary.wiley.com/doi/10.1002/rmv.482/full"
"Hepevirus","Hepatitis E virus, GT1","H","Primate","0","none","M73218.1","http://onlinelibrary.wiley.com/doi/10.1002/rmv.482/full"
"Hepevirus","Hepatitis E virus, GT2","H","Primate","0","none","M74506.1","http://onlinelibrary.wiley.com/doi/10.1002/rmv.482/full"
"Hepevirus","Avian hepatitis E virus","A","Galloanserae","0","none","NC_023425.1","http://jgv.microbiologyresearch.org/content/journal/jgv/10.1099/vir.0.79841-0"
"Hepevirus","Cutthroat trout virus","A","Fish","0","none","NC_015521.1","http://www.ncbi.nlm.nih.gov/pubmed/21458509?dopt=Abstract"
"Hepevirus","Bat hepevirus","A","Vespbat","0","none","NC_018382.1","http://www.ncbi.nlm.nih.gov/pubmed/22696648"
"Paramyxovirus","Achimota virus 1","A","Pterobat","0","none","NC_025403.1",""
"Paramyxovirus","Achimota virus 2","A","Pterobat","0","none","NC_025404.1",""
"Paramyxovirus","Bat Paramyxovirus Eid_hel","A","Pterobat","0","none","NC_025256.1",""
"Paramyxovirus","Cedar virus","A","Pterobat","0","none","NC_025351.1",""
"Paramyxovirus","Hendra virus","Z","Pterobat","0","none","NC_001906.3",""
"Paramyxovirus","Mapuera virus","A","Vespbat","0","none","NC_009489.1",""
"Paramyxovirus","Menangle virus","Z","Pterobat","0","none","NC_007620.1",""
"Paramyxovirus","Nipah virus","Z","Pterobat","0","none","NC_002728.1",""
"Paramyxovirus","Sosuga virus","Z","Pterobat","0","none","NC_025343.1",""
"Paramyxovirus","Tioman virus","A","Pterobat","0","none","NC_004074.1",""
"Paramyxovirus","Tuhoko virus 1","A","Pterobat","0","none","NC_025410.1",""
"Paramyxovirus","Tuhoko virus 2","A","Pterobat","0","none","NC_025348.1",""
"Paramyxovirus","Tuhoko virus 3","A","Pterobat","0","none","NC_025350.1",""
"Paramyxovirus","Bovine parainfluenza virus 3","A","Artiodactyl","0","none","NC_002161.1",""
"Paramyxovirus","Bovine respiratory syncytial virus","A","Artiodactyl","0","none","NC_001989.1",""
"Paramyxovirus","Peste-des-petits-ruminants virus","A","Artiodactyl","0","none","NC_006383.2",""
"Paramyxovirus","Rinderpest virus","A","Artiodactyl","0","none","NC_006296.2",""
"Paramyxovirus","Canine distemper virus","A","Carnivore","0","none","NC_001921.1",""
"Paramyxovirus","Canine pneumovirus","A","Carnivore","0","none","NC_025344.1",""
"Paramyxovirus","Parainfluenza virus 5","A","Carnivore","0","none","NC_006430.1","Goswami et al 1984"
"Paramyxovirus","Phocine distemper virus","A","Carnivore","0","none","NC_028249.1",""
"Paramyxovirus","Dolphin morbillivirus","A","Cetacean","0","none","NC_005283.1",""
"Paramyxovirus","Feline morbillivirus","A","Carnivore","0","none","NC_025264.1",""
"Paramyxovirus","Atlantic salmon paramyxovirus","A","Fish","0","none","NC_025360.1",""
"Paramyxovirus","Avian metapneumovirus","A","Galloanserae","0","none","NC_007652.1","http://onlinelibrary.wiley.com/doi/10.1111/tbed.12355/full"
"Paramyxovirus","Avian paramyxovirus 12","A","Galloanserae","0","none","NC_025363.1","http://onlinelibrary.wiley.com/doi/10.1111/tbed.12355/full"
"Paramyxovirus","Avian paramyxovirus 3","A","Galloanserae","0","none","NC_025373.1","http://onlinelibrary.wiley.com/doi/10.1111/tbed.12355/full"
"Paramyxovirus","Avian paramyxovirus 4","A","Galloanserae","0","none","NC_019531.1","http://onlinelibrary.wiley.com/doi/10.1111/tbed.12355/full"
"Paramyxovirus","Avian paramyxovirus 6","A","Galloanserae","0","none","NC_003043.1","http://onlinelibrary.wiley.com/doi/10.1111/tbed.12355/full"
"Paramyxovirus","Avian paramyxovirus 7","A","Galloanserae","0","none","NC_025347.1","http://onlinelibrary.wiley.com/doi/10.1111/tbed.12355/full"
"Paramyxovirus","Avian paramyxovirus 8","A","Galloanserae","0","none","NC_025374.1","http://onlinelibrary.wiley.com/doi/10.1111/tbed.12355/full"
"Paramyxovirus","Avian paramyxovirus 9","A","Galloanserae","0","none","NC_025390.1","http://onlinelibrary.wiley.com/doi/10.1111/tbed.12355/full"
"Paramyxovirus","Goose paramyxovirus SF02","A","Galloanserae","0","none","NC_005036.1","http://onlinelibrary.wiley.com/doi/10.1111/tbed.12355/full"
"Paramyxovirus","Avian paramyxovirus 11","A","Neoaves","0","none","NC_025407.1","http://onlinelibrary.wiley.com/doi/10.1111/tbed.12355/full"
"Paramyxovirus","Avian paramyxovirus 5","A","Neoaves","0","none","NC_025361.1","http://onlinelibrary.wiley.com/doi/10.1111/tbed.12355/full"
"Paramyxovirus","Avian paramyxovirus penguin","A","Neoaves","0","none","NC_025349.3","http://onlinelibrary.wiley.com/doi/10.1111/tbed.12355/full"
"Paramyxovirus","Newcastle disease virus","Z","Neoaves","0","none","NC_002617.1","http://onlinelibrary.wiley.com/doi/10.1111/tbed.12355/full"
"Paramyxovirus","Salem virus","A","Perissodactyla","0","none","NC_025386.1",""
"Paramyxovirus","Human metapneumovirus","H","Primate","0","none","NC_004148.2",""
"Paramyxovirus","Human parainfluenza virus 1","H","Primate","0","none","NC_003461.1",""
"Paramyxovirus","Human parainfluenza virus 2","H","Primate","0","none","NC_003443.1",""
"Paramyxovirus","Human parainfluenza virus 3","H","Primate","0","none","NC_001796.2",""
"Paramyxovirus","Human respiratory syncytial virus","H","Primate","0","none","NC_001781.1",""
"Paramyxovirus","Measles virus","H","Primate","0","none","NC_001498.1",""
"Paramyxovirus","Mumps virus","H","Primate","0","none","NC_002200.1",""
"Paramyxovirus","Simian virus 41","A","Primate","0","none","NC_006428.1",""
"Paramyxovirus","Fer-de-Lance paramyxovirus","A","Reptile","0","none","NC_005084.2",""
"Paramyxovirus","Sunshine virus","A","Reptile","0","none","NC_025345.1",""
"Paramyxovirus","Beilong virus","A","Rodent","0","none","NC_007803.1",""
"Paramyxovirus","J-virus","A","Rodent","0","none","NC_007454.1",""
"Paramyxovirus","Mojiang virus","A","Rodent","0","none","NC_025352.1",""
"Paramyxovirus","Mossman virus","A","Rodent","0","none","NC_005339.1",""
"Paramyxovirus","Murine pneumonia virus","A","Rodent","0","none","NC_006579.1",""
"Paramyxovirus","Nariva virus","A","Rodent","0","none","NC_017937.1",""
"Paramyxovirus","Sendai virus","A","Rodent","0","none","NC_001552.1",""
"Paramyxovirus","Tailam virus","A","Rodent","0","none","NC_025355.1",""
"Paramyxovirus","Tupaia paramyxovirus","A","Scandentia","0","none","NC_002199.1",""
"Paramyxovirus","Porcine parainfluenza virus 1","A","Artiodactyl","0","none","NC_025402.1",""
"Paramyxovirus","Porcine rubulavirus","A","Artiodactyl","0","none","NC_009640.1",""
"Picornavirus","African bat icavirus A","A","Pterobat","0","none","NC_026470.1",""
"Picornavirus","Bat hepatovirus","A","Vespbat","0","none","NC_028366.1",""
"Picornavirus","Bat picornavirus 1","A","Vespbat","0","none","NC_015940.1",""
"Picornavirus","Bat picornavirus 2","A","Vespbat","0","none","NC_015941.1",""
"Picornavirus","Bat picornavirus 3","A","Pterobat","0","none","NC_015934.1",""
"Picornavirus","Ia io picornavirus 1","A","Vespbat","0","none","JQ814852.1",""
"Picornavirus","Miniopterus schreibersii picornavirus 1","A","Vespbat","0","none","JQ814851.1",""
"Picornavirus","Foot-and-mouth disease virus - type A","A","Artiodactyl","0","none","NC_004004.1",""
"Picornavirus","Canine kobuvirus 1","A","Carnivore","0","none","KM068050.1",""
"Picornavirus","Ferret kobuvirus","A","Carnivore","0","none","KF006985.1",""
"Picornavirus","Phopivirus","A","Carnivore","0","none","NC_027818.1",""
"Picornavirus","Seal picornavirus type 1","A","Carnivore","0","none","NC_009891.1",""
"Picornavirus","Feline kobuvirus","A","Carnivore","0","none","KJ958930.1",""
"Picornavirus","Feline picornavirus","A","Carnivore","0","none","NC_016156.1",""
"Picornavirus","Feline sakobuvirus A","A","Carnivore","0","none","NC_022802.1",""
"Picornavirus","Fathead minnow picornavirus","A","Fish","0","none","NC_023437.1",""
"Picornavirus","Avian encephalomyelitis virus","A","Galloanserae","0","none","NC_003990.1",""
"Picornavirus","Avisivirus Pf-CHK1/AsV","A","Galloanserae","0","none","NC_028970.1",""
"Picornavirus","Chicken gallivirus 1","A","Galloanserae","0","none","NC_024770.1",""
"Picornavirus","Chicken megrivirus","A","Galloanserae","0","none","NC_023857.1",""
"Picornavirus","Chicken orivirus 1","A","Galloanserae","0","none","NC_025432.1",""
"Picornavirus","Chicken picornavirus 1","A","Galloanserae","0","none","NC_024765.1",""
"Picornavirus","Chicken picornavirus 2","A","Galloanserae","0","none","NC_024766.1",""
"Picornavirus","Chicken picornavirus 3","A","Galloanserae","0","none","NC_024767.1",""
"Picornavirus","Chicken picornavirus 4","A","Galloanserae","0","none","NC_024768.1",""
"Picornavirus","Chicken picornavirus 5","A","Galloanserae","0","none","NC_024769.1",""
"Picornavirus","Chicken proventriculitis virus","A","Galloanserae","0","none","KJ690629.1",""
"Picornavirus","Chicken sicinivirus JSY","A","Galloanserae","0","none","NC_028380.1",""
"Picornavirus","Duck hepatitis A virus","A","Galloanserae","0","none","NC_008250.2",""
"Picornavirus","Duck megrivirus","A","Galloanserae","0","none","NC_024120.1",""
"Picornavirus","Duck picornavirus GL/12","A","Galloanserae","0","none","NC_023985.1",""
"Picornavirus","Gallivirus Pf-CHK1/GV","A","Galloanserae","0","none","NC_028964.1",""
"Picornavirus","Phacovirus Pf-CHK1/PhV","A","Galloanserae","0","none","KT880670.1",""
"Picornavirus","Sicinivirus A","A","Galloanserae","0","none","NC_023861.1",""
"Picornavirus","Lesavirus 1","A","Primate","0","none","NC_026315.1","http://jvi.asm.org/content/89/7/4002.short"
"Picornavirus","Lesavirus 2","A","Primate","0","none","NC_026316.1","http://jvi.asm.org/content/89/7/4002.short"
"Picornavirus","Falcovirus A1","A","Neoaves","0","none","NC_026921.1",""
"Picornavirus","Oscivirus A1","?","Neoaves","0","none","NC_014412.1",""
"Picornavirus","Enterovirus A71","H","Primate","0","none","KU254596.1","http://jech.bmj.com/content/68/6/500.full?ijkey=2cfaa29957c214e92eb7a5594bdff7b4c0865b7e&keytype2=tf_ipsecsha"
"Picornavirus","Human enterovirus 107","H","Primate","0","none","AB426609.1","http://www.sciencedirect.com/science/article/pii/S0168170207001190"
"Picornavirus","Human poliovirus 2","H","Primate","0","none","KJ170575.1","http://www.sciencedirect.com/science/article/pii/S0168170207001190"
"Picornavirus","Human rhinovirus B52","H","Primate","0","none","FJ445188.1","http://www.ncbi.nlm.nih.gov/pmc/articles/PMC3167658/"
"Picornavirus","Rhinovirus A","H","Primate","0","none","NC_001617.1","http://www.ncbi.nlm.nih.gov/pmc/articles/PMC3167658/"
"Picornavirus","Rhinovirus C","H","Primate","0","none","NC_009996.1","http://www.ncbi.nlm.nih.gov/pmc/articles/PMC3167658/"
"Picornavirus","Salivirus CH","H","Primate","0","none","JN379039.1","http://www.sciencedirect.com/science/article/pii/S1386653215006484"
"Picornavirus","Tupaia hepatovirus A","A","Scandentia","0","none","NC_028981.1","http://www.ncbi.nlm.nih.gov/nuccore/KT877158?%3Fdb=nucleotide"
"Rhabdovirus","American bat vesiculovirus TFFN-2013","A","Vespbat","?","unknown","NC_022755.1","http://www.ncbi.nlm.nih.gov/pmc/articles/PMC3840891/"
"Rhabdovirus","Lagos bat virus","Z","Pterobat","0","none","NC_020807.1",""
"Rhabdovirus","Duvenhage virus","Z","Vespbat","0","none","NC_020810.1",""
"Rhabdovirus","European bat lyssavirus 1","Z","Vespbat","0","none","NC_009527.1",""
"Rhabdovirus","European bat lyssavirus 2","Z","Vespbat","0","none","NC_009528.2",""
"Rhabdovirus","Australian bat lyssavirus","Z",NA,"0","none","NC_003243.1",""
"Rhabdovirus","Aravan virus","Z","Vespbat","0","none","NC_020808.1","http://www.sciencedirect.com/science/article/pii/S016817020300217X"
"Rhabdovirus","Khujand virus","Z","Vespbat","0","none","NC_025385.1",""
"Rhabdovirus","Irkut virus","Z","Vespbat","0","none","NC_020809.1",""
"Rhabdovirus","West Caucasian bat virus","Z","Vespbat","0","none","NC_025377.1",""
"Rhabdovirus","Lyssavirus Ozernoe","Z",NA,"0","none","NC_025408.1","http://www.intechopen.com/books/encephalitis/the-fatal-case-of-lyssavirus-encephalitis-in-the-russian-far-east"
"Rhabdovirus","Shimoni bat virus","Z","Pterobat","0","none","NC_025365.1",""
"Rhabdovirus","Bokeloh bat lyssavirus","Z","Vespbat","0","none","NC_025251.1","http://www.ncbi.nlm.nih.gov/pubmed/23760600"
"Rhabdovirus","Fikirini bat rhabdovirus","A","Pterobat","0","none","NC_025341.1","http://www.ncbi.nlm.nih.gov/pubmed/23939976"
"Rhabdovirus","Tibrogargan virus","A","Artiodactyl","1","midge","NC_020804.1","http://vir.sgmjournals.org/content/92/9/2160.full"
"Rhabdovirus","Coastal Plains virus","A","Artiodactyl","1","midge","NC_025397.1","http://vir.sgmjournals.org/content/92/9/2160.full"
"Rhabdovirus","Bovine ephemeral fever virus","A","Artiodactyl","1","unknown","NC_002526.1","Dietzgen and Kuzmin 2012"
"Rhabdovirus","Kimberley virus","A","Artiodactyl","1","unknown","NC_025396.1","http://link.springer.com/article/10.1007%2FBF02297349?LI=true"
"Rhabdovirus","Vesicular stomatitis Indiana virus","Z","Artiodactyl","1","sandfly","NC_001560.1","http://www.sciencedirect.com/science/article/pii/S1567134809000380"
"Rhabdovirus","Vesicular stomatitis New Jersey virus","Z","Artiodactyl","1","sandfly","NC_024473.1","http://www.sciencedirect.com/science/article/pii/S1567134809000380"
"Rhabdovirus","Vesicular stomatitis Alagoas virus","Z","Artiodactyl","1","sandfly","NC_025353.1","http://www.sciencedirect.com/science/article/pii/S1567134809000380"
"Rhabdovirus","Berrimah virus","A","Artiodactyl","1","unknown","NC_025358.1","Dietzgen and Kuzmin 2012"
"Rhabdovirus","Rabies virus isolate RAC, complete genome.","Z","Carnivore","0","none","JQ685901.1",""
"Rhabdovirus","Rabies virus isolate NC1234, complete genome.","Z","Carnivore","0","none","JQ685967.1",""
"Rhabdovirus","Rabies virus isolate A10-0512, complete genome.","Z","Carnivore","0","none","JQ685968.1",""
"Rhabdovirus","Rabies virus isolate CASK2, complete genome.","Z","Carnivore","0","none","JQ685970.1",""
"Rhabdovirus","Rabies virus isolate RV437, complete genome.","Z","Carnivore","0","none","KF154997.1",""
"Rhabdovirus","Rabies virus isolate RV2772, complete genome.","Z","Carnivore","0","none","KF155002.1",""
"Rhabdovirus","Rabies virus isolate R2013-01, complete genome.","Z","Carnivore","0","none","KF620489.1",""
"Rhabdovirus","Rabies virus isolate IP 7841/09, complete genome.","Z","Carnivore","0","none","KM594039.1",""
"Rhabdovirus","Rabies virus strain 148/lib01041, complete genome","Z","Carnivore","0","none","LN879481.2",""
"Rhabdovirus","Rabies virus isolate 13N0473AFX, complete genome.","Z","Carnivore","0","none","KU198477.1",""
"Rhabdovirus","Dolphin rhabdovirus","A","Cetacean","0","none","NC_025406.1","http://wwwnc.cdc.gov/eid/article/20/6/13-1880_article"
"Rhabdovirus","Viral hemorrhagic septicemia virus","A","Fish","0","none","NC_000855.1","http://www.sciencedirect.com/science/article/pii/095980309500002X"
"Rhabdovirus","Infectious hematopoietic necrosis virus","A","Fish","0","none","NC_001652.1","http://www.sciencedirect.com/science/article/pii/016817029500056V"
"Rhabdovirus","Hirame rhabdovirus","A","Fish","0","none","NC_005093.1","http://link.springer.com/chapter/10.1007%2F978-3-642-83727-2_35#page-1"
"Rhabdovirus","Snakehead virus","A","Fish","0","none","NC_000903.1","http://link.springer.com/chapter/10.1007/3-540-27485-5_5#page-1"
"Rhabdovirus","Pike fry rhabdovirus","A","Fish","0","none","NC_025356.1","http://link.springer.com/article/10.1007/s00705-009-0455-0#page-1"
"Rhabdovirus","Siniperca chuatsi rhabdovirus","A","Fish","0","none","NC_008514.1","http://www.sciencedirect.com/science/article/pii/S1567134809000380"
"Rhabdovirus","Eel virus European X","A","Fish","0","none","NC_022581.1","http://www.sciencedirect.com/science/article/pii/S0168170212000688"
"Rhabdovirus","Spring viraemia of carp virus","A","Fish","0","none","NC_002803.1","http://link.springer.com/chapter/10.1007/3-540-27485-5_5#page-1"
"Rhabdovirus","Scophthalmus maximus rhabdovirus","A","Fish","0","none","NC_025387.1","http://www.sciencedirect.com/science/article/pii/S1567134809000380"
"Rhabdovirus","Perch rhabdovirus","A","Fish","0","none","NC_020803.1","http://www.ncbi.nlm.nih.gov/pubmed/24113245, http://www.ncbi.nlm.nih.gov/pubmed/21927897"
"Rhabdovirus","Tench rhabdovirus S64","A","Fish","0","none","NC_025371.1","http://link.springer.com/article/10.1007/s00705-013-1711-x#page-1"
"Rhabdovirus","Grass carp rhabdovirus V76","A","Fish","0","none","NC_025376.1","http://www.ncbi.nlm.nih.gov/pubmed/23719670"
"Rhabdovirus","Hybrid snakehead virus","A","Fish","0","none","KP876483.1","http://link.springer.com/article/10.1007/s00705-014-2061-z#page-1"
"Rhabdovirus","Sunguru virus","A","Galloanserae","0","none","NC_025401.1","http://vir.sgmjournals.org/content/95/Pt_7/1436.short"
"Rhabdovirus","Drosophila obscura sigmavirus","A","Insect","0","fruit fly","NC_022580.1","http://www.genetics.org/content/188/1/141.short"
"Rhabdovirus","Drosophila melanogaster sigmavirus","A","Insect","0","fruit fly","NC_013135.1","http://link.springer.com/article/10.1007%2FBF01242133"
"Rhabdovirus","Spodoptera frugiperda rhabdovirus","A","Insect","0","lepidoptera","NC_025382.1","http://jvi.asm.org/content/88/12/6576.short"
"Rhabdovirus","Culex tritaeniorhynchus rhabdovirus","A","Insect","0","mosquito","NC_025384.1","http://www.ncbi.nlm.nih.gov/pmc/articles/PMC3126488/"
"Rhabdovirus","Ngaingan virus","A","Macropod","1","midge","NC_013955.1","http://www.sciencedirect.com/science/article/pii/S0042682209007983"
"Rhabdovirus","Farmington virus","A","Neoaves","1","unknown","NC_025253.1","http://www.virologyj.com/content/10/1/219"
"Rhabdovirus","Bas-Congo virus","Z","Orphan","?","unknown","JX297815.1","http://journals.plos.org/plospathogens/article?id=10.1371/journal.ppat.1002924#ppat-1002924-g008"
"Rhabdovirus","Kotonkan virus","A","Orphan","1","midge","NC_017714.1","Dietzgen and Kuzmin 2012"
"Rhabdovirus","Wongabel virus","A","Orphan","1","midge","NC_011639.1","http://www.sciencedirect.com/science/article/pii/S0042682208001748"
"Rhabdovirus","Curionopolis virus","A","Orphan","1","midge","NC_025354.1","http://link.springer.com/article/10.1007%2Fs00705-006-0812-1"
"Rhabdovirus","Perinet virus","A","Orphan","1","mosquito","NC_025394.1","http://www.sciencedirect.com/science/article/pii/S1567134809000380"
"Rhabdovirus","Oak-Vale virus","A","Orphan","1","mosquito","NC_025399.1","http://www.sciencedirect.com/science/article/pii/S1567134809000380"
"Rhabdovirus","Obodhiang virus","A","Orphan","1","mosquito","NC_017685.1","Dietzgen and Kuzmin 2012"
"Rhabdovirus","Moussa virus","A","Orphan","1","mosquito","NC_025359.1","http://www.sciencedirect.com/science/article/pii/S0168170209003475"
"Rhabdovirus","Jurona virus","Z","Orphan","1","mosquito","NC_025392.1","Vasconcelos PFC, Travassos da Rosa APA, Pinheiro FP, Shope RE, Travassos da Rosa JFS, Rodrigues SG, et al. Arboviruses pathogenic for man in Brazil. In: Travassos da Rosa APA, Vasconcelos PFC, Travassos da Rosa JFS, editors. An overview of arbovirology in Brazil and neighboring countries. Belem (Brazil); Instituto Evandro Chagas; 1998. p. 72_99."
"Rhabdovirus","Malpais Spring virus","A","Orphan","1","mosquito","NC_025364.1","http://europepmc.org/abstract/med/3061310, https://www.ncbi.nlm.nih.gov/pmc/articles/PMC3599451/"
"Rhabdovirus","Malakal virus","A","Orphan","1","mosquito","NC_025400.1","Dietzgen and Kuzmin 2012"
"Rhabdovirus","Xiburema virus","A","Orphan","1","mosquito","NC_025362.1","http://genomea.asm.org/content/2/3/e00454-14.short"
"Rhabdovirus","Arboretum virus","A","Orphan","1","mosquito","NC_025393.1","http://www.ncbi.nlm.nih.gov/pubmed/24421116"
"Rhabdovirus","Puerto Almendras virus","A","Orphan","1","mosquito","NC_025395.1","http://www.ncbi.nlm.nih.gov/pubmed/24421116"
"Rhabdovirus","Chandipura virus","Z","Orphan","1","sandfly","NC_020805.1","http://www.sciencedirect.com/science/article/pii/S1567134809000380"
"Rhabdovirus","Maraba virus","A","Orphan","1","sandfly","NC_025255.1","http://iah.iec.pa.gov.br/iah/fulltext/pc/artigos/1985/amejourtropmedhyg1985v33n5p999-1006.pdf"
"Rhabdovirus","Yug Bogdanovac virus","A","Orphan","1","sandfly","NC_025378.1","http://link.springer.com/article/10.1007/s11262-012-0819-5"
"Rhabdovirus","Niakha virus","A","Orphan","1","sandfly","NC_025405.1","http://www.sciencedirect.com/science/article/pii/S0042682213003164"
"Rhabdovirus","Kolente virus","A","Orphan","1","tick","NC_025342.1","http://vir.sgmjournals.org/content/94/Pt_12/2609.full"
"Rhabdovirus","Long Island tick rhabdovirus","A","Orphan","1","tick","NC_025340.1","http://www.biomedcentral.com/content/pdf/1743-422X-11-26.pdf"
"Rhabdovirus","Mokola virus","Z","Orphan","0","none","NC_006429.1",""
"Rhabdovirus","Ikoma lyssavirus","Z","Orphan","0","none","NC_018629.1","http://www.ncbi.nlm.nih.gov/pubmed/24496827"
"Rhabdovirus","Sonchus yellow net virus","A","Plant","1","aphid","NC_001615.3","http://www.ncbi.nlm.nih.gov/pubmed/15981471"
"Rhabdovirus","Lettuce necrotic yellows virus","A","Plant","1","aphid","NC_007642.1",""
"Rhabdovirus","Rice yellow stunt virus","A","Plant","1","leafhopper","NC_003746.1","http://www.ncbi.nlm.nih.gov/pubmed/15981471"
"Rhabdovirus","Potato yellow dwarf virus","A","Plant","1","leafhopper","NC_016136.1","http://www.ncbi.nlm.nih.gov/pubmed/15981471"
"Rhabdovirus","Maize fine streak virus","A","Plant","1","leafhopper","NC_005974.1","http://www.ncbi.nlm.nih.gov/pubmed/15981471"
"Rhabdovirus","Eggplant mottled dwarf virus","A","Plant","1","leafhopper","NC_025389.1","http://onlinelibrary.wiley.com/doi/10.1046/j.1439-0434.2003.00788.x/full"
"Rhabdovirus","Northern cereal mosaic virus","A","Plant","1","planthopper","NC_002251.1","http://link.springer.com/article/10.1007/s007050070096#page-1"
"Rhabdovirus","Maize mosaic virus","A","Plant","1","planthopper","NC_005975.1","http://www.ncbi.nlm.nih.gov/pubmed/15981471"
"Rhabdovirus","Maize Iranian mosaic virus","A","Plant","1","planthopper","NC_011542.1","http://www.ncbi.nlm.nih.gov/pubmed/15981471"
"Rhabdovirus","Taro vein chlorosis virus","A","Plant","1","unknown","NC_006942.1","http://www.ncbi.nlm.nih.gov/pubmed/15981471"
"Rhabdovirus","Lettuce yellow mottle virus","A","Plant","1","unknown","NC_011532.1",""
"Rhabdovirus","Persimmon virus A","A","Plant","1","unknown","NC_018381.2","http://www.ncbi.nlm.nih.gov/pubmed/23704275"
"Rhabdovirus","Almpiwar virus","A","Reptile","?","unknown","NC_025391.1","http://www.sciencedirect.com/science/article/pii/S1567134809000380"
"Rhabdovirus","Isfahan virus","Z","Rodent","1","sandfly","NC_020806.1","http://europepmc.org/abstract/med/192094"
"Rhabdovirus","Tupaia virus","A","Scandentia","0","none","NC_007020.1","http://www.sciencedirect.com/science/article/pii/S1567134809000380"
"Togavirus","Sagiyama virus","A","Artiodactyl","1","mosquito","AB032553.1","http://www.sciencedirect.com/science/article/pii/0378113588900508"
"Togavirus","Southern elephant seal virus","A","Carnivore","1","louse","NC_016960.1","http://www.sciencedirect.com/science/article/pii/S0042682214004814"
"Togavirus","Ross River virus","Z","Diprotodontia","1","mosquito","GQ433354.1","http://online.liebertpub.com/doi/pdf/10.1089/vbz.2007.0152"
"Togavirus","Salmon pancreas disease virus","A","Fish","1","louse","NC_003930.1","http://www.sciencedirect.com/science/article/pii/S0042682214004814"
"Togavirus","Eilat virus","A","Insect","0","mosquito","NC_018615.1","http://www.pnas.org/content/109/36/14622.short"
"Togavirus","Babanki virus","A","Neoaves","1","mosquito","HM147984.1","http://www.sciencedirect.com/science/article/pii/S016635421200085X"
"Togavirus","Eastern equine encephalitis virus","Z","Neoaves","1","mosquito","NC_003899.1","http://www.sciencedirect.com/science/article/pii/S0042682214004814"
"Togavirus","Highlands J virus","A","Neoaves","1","mosquito","NC_012561.1","http://www.sciencedirect.com/science/article/pii/S0042682214004814"
"Togavirus","Madariaga virus","Z","Neoaves","1","unknown","NC_023812.1","http://www.ajtmh.org/content/early/2015/04/09/ajtmh.14-0845.abstract, http://www.nejm.org/doi/full/10.1056/NEJMoa1212628#t=articleBackground"
"Togavirus","Ockelbo virus","Z","Neoaves","1","mosquito","M69205.1","http://jcm.asm.org/content/31/8/2004.full.pdf+html"
"Togavirus","Semliki Forest virus","Z","Neoaves","1","mosquito","NC_003215.1","http://www.sciencedirect.com/science/article/pii/S0042682214004814"
"Togavirus","Sindbis virus","Z","Neoaves","1","mosquito","NC_001547.1","Malherbe 1963"
"Togavirus","Western equine encephalitis virus","Z","Neoaves","1","mosquito","NC_003908.1","http://www.pnas.org/content/85/16/5997.full.pdf"
"Togavirus","Whataroa virus","A","Neoaves","1","mosquito","NC_016961.1","Miles 1971"
"Togavirus","Buggy Creek virus","A","Neoaves","1","cimicid","HM147986.1","http://www.sciencedirect.com/science/article/pii/S016635421200085X"
"Togavirus","Fort Morgan virus","A","Neoaves","1","cimicid","NC_013528.1","http://www.sciencedirect.com/science/article/pii/S0042682214004814"
"Togavirus","Aura virus","A","Orphan","1","mosquito","NC_003900.1","http://ac.els-cdn.com/S0042682285711932/1-s2.0-S0042682285711932-main.pdf?_tid=4f3633a6-5bc2-11e5-8612-00000aacb361&acdnat=1442332761_de0ab6a572ae94e29dcda30d2ebf0046"
"Togavirus","Barmah Forest virus","Z","Orphan","1","mosquito","NC_001786.1","http://online.liebertpub.com/doi/pdf/10.1089/vbz.2007.0152"
"Togavirus","Bebaru virus","A","Orphan","1","mosquito","NC_016962.1","Fields virology indicates no evidence of human infection"
"Togavirus","Getah virus","A","Orphan","1","mosquito","NC_006558.1","http://www.sciencedirect.com/science/article/pii/S0042682214004814"
"Togavirus","Kyzylagach virus","A","Orphan","1","mosquito","KF981618.1","http://www.sciencedirect.com/science/article/pii/S0042682214004814"
"Togavirus","Mayaro virus","Z","Orphan","1","mosquito","NC_003417.1","http://cid.oxfordjournals.org/content/28/1/67.short"
"Togavirus","Middelburg virus","A","Orphan","1","mosquito","NC_024887.1","Fields virology indicates no evidence of human infection"
"Togavirus","Ndumu virus","A","Orphan","1","mosquito","NC_016959.1","Kokernot(1961)"
"Togavirus","O'nyong-nyong virus","Z","Orphan","1","mosquito","NC_001512.1","http://www.sciencedirect.com/science/article/pii/S0042682298994375"
"Togavirus","Rubella virus","H","Primate","0","none","NC_001545.2",""
"Togavirus","Chikungunya virus","Z","Primate","1","mosquito","NC_004162.2",""
"Togavirus","Una virus","A","Primate","1","mosquito","HM147992.1","http://trstmh.oxfordjournals.org/content/101/10/1039.full"
"Togavirus","Venezuelan equine encephalitis virus","Z","Rodent","1","mosquito","NC_001449.1","http://www.sciencedirect.com/science/article/pii/S0042682214004814"
"Picornavirus","Dromedary camel enterovirus",NA,"Artiodactyl","0",NA,"KP345887.1","https://www.ncbi.nlm.nih.gov/pubmed/25805410"
"Hepevirus","Hepatitis E virus",NA,"Artiodactyl","0",NA,"KJ496143.1","https://www.ncbi.nlm.nih.gov/pmc/articles/PMC4036782/"
"Coronavirus","Alpaca respiratory coronavirus",NA,"Artiodactyl","0",NA,"JQ410000.1","http://www.mdpi.com/1999-4915/4/12/3689/htm"
"Coronavirus","Dromedary camel coronavirus HKU23",NA,"Artiodactyl","0",NA,"KF906249.1","https://www.ncbi.nlm.nih.gov/pmc/articles/PMC3966378/"
"Coronavirus","Camel alphacoronavirus",NA,"Artiodactyl","0",NA,"KT368910.1","http://science.sciencemag.org/content/351/6268/81.full"
"Coronavirus","Middle East respiratory syndrome coronavirus_camelL3",NA,"Orphan","0",NA,"KT368866.1","http://science.sciencemag.org/content/351/6268/81.full"
"Coronavirus","Middle East respiratory syndrome coronavirus_camelL5",NA,"Orphan","0",NA,"KT368861.1","http://science.sciencemag.org/content/351/6268/81.full"
"Hepevirus","Hepatitis E virus rat",NA,"Rodent","0",NA,"GU345042.1","https://www.ncbi.nlm.nih.gov/pubmed/20735931"
"Hepevirus","Ferret hepatitis E virus",NA,"Carnivore","0",NA,"JN998606.1","https://wwwnc.cdc.gov/eid/article/18/8/11-1659_article"
"Astrovirus","Bovine astrovirus B170/HK",NA,"Artiodactyl","0","none","NC_023632.1","http://www.mdpi.com/1999-4915/9/5/102/htm#app1-viruses-09-00102"
"Astrovirus","Bovine astrovirus B18/HK",NA,"Artiodactyl","0","none","NC_023631.1","http://www.mdpi.com/1999-4915/9/5/102/htm#app1-viruses-09-00102"
"Astrovirus","Bovine astrovirus B76/HK",NA,"Artiodactyl","0","none","NC_023629.1","http://www.mdpi.com/1999-4915/9/5/102/htm#app1-viruses-09-00102"
"Astrovirus","Bovine astrovirus CH13",NA,"Artiodactyl","0","none","NC_024498.1","http://www.mdpi.com/1999-4915/9/5/102/htm#app1-viruses-09-00102"
"Astrovirus","Mamastrovirus 13",NA,"Artiodactyl","0","none","NC_002469.1","http://www.mdpi.com/1999-4915/9/5/102/htm#app1-viruses-09-00102"
"Astrovirus","Dromedary astrovirus",NA,"Artiodactyl","0","none","NC_027711.1","http://www.mdpi.com/1999-4915/9/5/102/htm#app1-viruses-09-00102"
"Astrovirus","California sea lion astrovirus 2",NA,"Carnivore","0","none","NC_034975.1","http://www.mdpi.com/1999-4915/9/5/102/htm#app1-viruses-09-00102"
"Astrovirus","Canine astrovirus",NA,"Carnivore","0","none","NC_026814.1","http://www.mdpi.com/1999-4915/9/5/102/htm#app1-viruses-09-00102"
"Astrovirus","Feline astrovirus 2",NA,"Carnivore","0","none","NC_022249.1","http://www.mdpi.com/1999-4915/9/5/102/htm#app1-viruses-09-00102"
"Astrovirus","Feline astrovirus D1",NA,"Carnivore","0","none","NC_024701.1","https://www.ncbi.nlm.nih.gov/pubmed/25078300, http://www.mdpi.com/1999-4915/9/5/102/htm#app1-viruses-09-00102"
"Astrovirus","Mamastrovirus 10",NA,"Carnivore","0","none","NC_004579.1","http://www.mdpi.com/1999-4915/9/5/102/htm#app1-viruses-09-00102"
"Astrovirus","Mamastrovirus 2",NA,"Carnivore","0","none","KM017742.1","http://www.mdpi.com/1999-4915/9/5/102/htm#app1-viruses-09-00102"
"Astrovirus","Avastrovirus 1",NA,"Galloanserae","0","none","NC_002470.1","https://www.ncbi.nlm.nih.gov/pubmed/12573498"
"Astrovirus","Avastrovirus 3",NA,"Galloanserae","0","none","NC_005790.1","http://www.sciencedirect.com/science/article/pii/S0042682212004928"
"Astrovirus","Chicken astrovirus",NA,"Galloanserae","0","none","NC_003790.1","http://jvi.asm.org/content/74/18/8487.long, http://www.mdpi.com/1999-4915/9/5/102/htm#app1-viruses-09-00102"
"Astrovirus","Goose astrovirus",NA,"Galloanserae","0","none","NC_034567.1","https://link.springer.com/article/10.1007%2Fs00705-017-3297-1"
"Astrovirus","Rabbit astrovirus TN/2208/2010",NA,"Lagomorph","0","none","NC_025346.1","http://www.mdpi.com/1999-4915/9/5/102/htm#app1-viruses-09-00102"
"Astrovirus","Bastrovirus-like_virus/VietNam/Bat/17819_21",NA,"Orphan","0","none","NC_032426.1","http://www.mdpi.com/1999-4915/9/5/102/htm#app1-viruses-09-00102"
"Astrovirus","Astrovirus Er/SZAL6/HUN/2011",NA,"Orphan","0","none","NC_027426.1","https://www.ncbi.nlm.nih.gov/pubmed/26096774"
"Astrovirus","Bastrovirus BAS-2",NA,"Orphan","0","none","NC_035471.1","http://www.mdpi.com/1999-4915/9/5/102/htm#app1-viruses-09-00102"
"Astrovirus","Astrovirus MLB1",NA,"Primate","0","none","NC_011400.1","https://virologyj.biomedcentral.com/articles/10.1186/1743-422X-5-117"
"Astrovirus","Astrovirus MLB2",NA,"Primate","0","none","NC_016155.1","https://www.ncbi.nlm.nih.gov/pmc/articles/PMC3310569/"
"Astrovirus","Astrovirus MLB3",NA,"Primate","0","none","NC_019028.1","http://www.sciencedirect.com/science/article/pii/S0042682212004928"
"Astrovirus","Astrovirus VA1",NA,"Primate","0","none","NC_013060.1","https://www.ncbi.nlm.nih.gov/pmc/articles/PMC3310569/"
"Astrovirus","Astrovirus VA3",NA,"Primate","0","none","NC_019026.1","https://www.ncbi.nlm.nih.gov/pmc/articles/PMC3310569/"
"Astrovirus","Astrovirus VA4",NA,"Primate","0","none","NC_019027.1","https://www.ncbi.nlm.nih.gov/pmc/articles/PMC3310569/"
"Astrovirus","Bastrovirus 7",NA,"Primate","0","none","NC_035758.1","https://academic.oup.com/ve/article/2/1/vew005/1753472"
"Astrovirus","Burkina Faso astrovirus",NA,"Primate","0","none","NC_024472.1","http://www.mdpi.com/1999-4915/9/5/102/htm#app1-viruses-09-00102"
"Astrovirus","HMO Astrovirus A",NA,"Primate","0","none","NC_013443.1","https://www.ncbi.nlm.nih.gov/pubmed/19692544"
"Astrovirus","Mamastrovirus 1",NA,"Primate","0","none","L23513.1","http://www.mdpi.com/1999-4915/9/5/102/htm#app1-viruses-09-00102"
"Astrovirus","Bastrovirus BAS-3",NA,"Rodent","0","none","NC_032484.1","http://www.mdpi.com/1999-4915/9/5/102/htm#app1-viruses-09-00102"
"Astrovirus","Mouse astrovirus M-52/USA/2008",NA,"Rodent","0","none","NC_015935.1","http://journals.plos.org/plospathogens/article?id=10.1371/journal.ppat.1002218"
"Astrovirus","Murine astrovirus",NA,"Rodent","0","none","NC_018702.1","http://www.mdpi.com/1999-4915/9/5/102/htm#app1-viruses-09-00102"
"Astrovirus","Qinghai Himalayan marmot astrovirus 1",NA,"Rodent","0","none","NC_033792.1","http://jgv.microbiologyresearch.org/content/journal/jgv/10.1099/jgv.0.000709#tab2"
"Astrovirus","Qinghai Himalayan marmot astrovirus 2",NA,"Rodent","0","none","NC_033821.1","http://jgv.microbiologyresearch.org/content/journal/jgv/10.1099/jgv.0.000709#tab2"
"Astrovirus","Bastrovirus/VietNam/Porcine/17489_85",NA,"Orphan","0","none","NC_032423.1","http://www.mdpi.com/1999-4915/9/5/102/htm#app1-viruses-09-00102"
"Astrovirus","Astrovirus wild boar/WBAstV-1/2011/HUN",NA,"Artiodactyl","0","none","NC_016896.1","https://www.ncbi.nlm.nih.gov/pubmed/22398915"
"Astrovirus","Mamastrovirus 3",NA,"Artiodactyl","0","none","NC_025379.1","http://www.mdpi.com/1999-4915/9/5/102/htm#app1-viruses-09-00102"
"Astrovirus","Porcine astrovirus 2",NA,"Artiodactyl","0","none","NC_023674.1","http://www.mdpi.com/1999-4915/9/5/102/htm#app1-viruses-09-00102"
"Astrovirus","Porcine astrovirus 3",NA,"Artiodactyl","0","none","NC_019494.1","http://jvi.asm.org/content/86/23/13126.long"
"Astrovirus","Porcine astrovirus 4",NA,"Artiodactyl","0","none","NC_023675.1","http://www.mdpi.com/1999-4915/9/5/102/htm#app1-viruses-09-00102"
"Astrovirus","Porcine astrovirus 5",NA,"Artiodactyl","0","none","NC_023636.1","http://www.mdpi.com/1999-4915/9/5/102/htm#app1-viruses-09-00102"
